Time,timefit,Condition,Gate,TOF,Extinction,Green,logGreen
T0,0,High -,R4,1976,1990,3188.00,8.06714904
T0,0,High -,R4,1595,2323,1618.00,7.388946098
T0,0,High -,R4,2453,3142,2116.00,7.657282793
T0,0,High -,R4,1997,2674,1507.00,7.317876199
T0,0,High -,R4,1637,2510,2274.00,7.729295674
T0,0,High -,R4,2252,3130,2352.00,7.763021309
T0,0,High -,R4,2377,1995,2065.00,7.632885505
T0,0,High -,R4,1792,2122,2038.00,7.619724214
T0,0,High -,R4,2095,2253,1222.00,7.10824414
T0,0,High -,R4,1870,1802,2760.00,7.922985959
T0,0,High -,R4,1903,2801,2893.00,7.970049305
T0,0,High -,R4,1618,2212,1971.00,7.586296307
T0,0,High -,R4,2185,2848,2095.00,7.647308832
T0,0,High -,R4,2197,2474,3050.00,8.02289687
T0,0,High -,R4,2178,2671,3924.00,8.274866821
T0,0,High -,R4,1875,2700,3052.00,8.023552392
T0,0,High -,R4,1435,2319,1508.00,7.318539549
T0,0,High -,R4,1937,2396,1607.00,7.382124366
T0,0,High -,R4,2021,2780,1582.00,7.366445148
T0,0,High -,R4,1941,2133,1096.00,6.999422468
T0,0,High -,R4,1446,2152,2220.00,7.705262475
T0,0,High -,R4,1870,1903,993.00,6.900730664
T0,0,High -,R4,2196,3058,1725.00,7.452982329
T0,0,High -,R4,1819,2136,929.00,6.834108739
T0,0,High -,R4,2008,3038,1741.00,7.46221494
T0,0,High -,R4,1860,1958,1153.00,7.05012252
T0,0,High -,R4,2464,3501,1133.00,7.032624261
T0,0,High -,R4,2045,2847,1344.00,7.203405521
T0,0,High -,R4,1778,2042,1770.00,7.478734826
T0,0,High -,R4,2075,2853,1165.00,7.060476366
T0,0,High -,R4,1675,2424,1210.00,7.098375639
T0,0,High -,R4,2518,2913,1891.00,7.544861069
T0,0,High -,R4,1537,2204,2191.00,7.69211334
T0,0,High -,R4,2362,2973,1628.00,7.395107547
T0,0,High -,R4,1943,2781,1596.00,7.375255778
T0,0,High -,R4,1996,1655,1220.00,7.106606138
T0,0,High -,R4,1737,2628,2585.00,7.857480787
T0,0,High -,R4,1313,2001,850.00,6.745236349
T0,0,High -,R4,1652,2233,2074.00,7.637234389
T0,0,High -,R4,2303,3089,1065.00,6.970730078
T0,0,High -,R4,2412,3136,1456.00,7.283448229
T0,0,High -,R4,2168,3256,2155.00,7.675546003
T0,0,High -,R4,1902,2030,1210.00,7.098375639
T0,0,High -,R4,1579,2457,910.00,6.8134446
T0,0,High -,R4,2157,2351,2403.00,7.784473236
T0,0,High -,R4,2449,2951,3882.00,8.264105764
T0,0,High -,R4,2230,3000,3408.00,8.133880888
T0,0,High -,R4,2118,2480,1861.00,7.528869257
T0,0,High -,R4,2128,2681,2430.00,7.795646536
T0,0,High -,R4,2276,2804,3455.00,8.147577736
T0,0,High -,R4,2057,2178,2428.00,7.794823152
T0,0,High -,R4,1800,2341,1401.00,7.244941546
T0,0,High -,R4,1926,2451,915.00,6.818924065
T0,0,High -,R4,1703,2650,2257.00,7.721791777
T0,0,High -,R4,2088,2587,1966.00,7.583756301
T0,0,High -,R4,2103,2489,2115.00,7.656810091
T0,0,High -,R4,2041,2240,2277.00,7.730614066
T0,0,High -,R4,1807,2419,1849.00,7.522400231
T0,0,High -,R4,2131,2849,1947.00,7.574045005
T0,0,High -,R4,1867,2595,2719.00,7.908019445
T0,0,High -,R4,1934,2153,1498.00,7.311886164
T0,0,High -,R4,2036,2645,3278.00,8.094988759
T0,0,High -,R4,2055,1404,2964.00,7.994294986
T0,0,High -,R4,1393,2070,1155.00,7.051855623
T0,0,High -,R4,2130,2733,1204.00,7.093404626
T0,0,High -,R4,2655,3548,1214.00,7.101675972
T0,0,High -,R4,2219,3128,3188.00,8.06714904
T0,0,High -,R4,1888,2594,3120.00,8.045588281
T0,0,High -,R4,1793,2614,3191.00,8.068089626
T0,0,High -,R4,2223,2503,3217.00,8.076204527
T0,0,High -,R4,2385,3554,1426.00,7.262628601
T0,0,High -,R4,2137,3078,1129.00,7.029087564
T0,0,High -,R4,1902,2297,2540.00,7.83991936
T0,0,High -,R4,2141,2581,1038.00,6.945051064
T0,0,High -,R4,1587,2344,948.00,6.854354502
T0,0,High -,R4,1774,1922,2045.00,7.623153068
T0,0,High -,R4,1849,2375,1433.00,7.267525428
T0,0,High -,R4,1626,2519,919.00,6.823286122
T0,0,High -,R4,1581,2637,2029.00,7.61529834
T0,0,High -,R4,1516,2366,2034.00,7.617759577
T0,0,High -,R4,2103,2302,1610.00,7.383989458
T0,0,High -,R4,1860,1933,2307.00,7.743703258
T0,0,High -,R4,1956,2270,1477.00,7.297768283
T0,0,High -,R4,1534,1998,2357.00,7.765144903
T0,0,High -,R4,1741,2610,937.00,6.842683282
T0,0,High -,R4,2404,2961,1405.00,7.247792582
T0,0,High -,R4,2017,2711,1103.00,7.005789019
T0,0,High -,R4,2583,3461,1362.00,7.216709487
T0,0,High -,R4,2220,2846,2082.00,7.641084249
T0,0,High -,R4,2721,3880,1096.00,6.999422468
T0,0,High -,R4,1897,2412,2254.00,7.720461695
T0,0,High -,R4,2390,2603,1442.00,7.273786318
T0,0,High -,R4,2019,2817,2311.00,7.74543561
T0,0,High -,R4,2397,3469,1215.00,7.102499356
T0,0,High -,R4,1919,2609,1373.00,7.224753406
T0,0,High -,R4,1401,2460,1253.00,7.133295955
T0,0,High -,R4,2211,2655,1038.00,6.945051064
T0,0,High -,R4,1750,2073,899.00,6.801283034
T0,0,High -,R4,2216,2944,1427.00,7.263329617
T0,0,High -,R4,2321,2512,1405.00,7.247792582
T0,0,High -,R4,1885,1854,3323.00,8.108623268
T0,0,High -,R4,1544,2444,1034.00,6.941190055
T0,0,High -,R4,1771,2498,1333.00,7.19518732
T0,0,High -,R4,1997,2051,3616.00,8.193123722
T0,0,High -,R4,2012,2877,2843.00,7.952615112
T0,0,High -,R4,1723,2447,1355.00,7.211556733
T0,0,High -,R4,2086,2441,2176.00,7.685243608
T0,0,High -,R4,1660,2384,1271.00,7.147559271
T0,0,High -,R4,2151,2843,2309.00,7.744569809
T0,0,High -,R4,1583,2343,2505.00,7.826044014
T0,0,High -,R4,1438,1556,2383.00,7.776115477
T0,0,High -,R4,1965,2349,1404.00,7.247080585
T0,0,High -,R4,2148,2895,1307.00,7.175489714
T0,0,High -,R4,1999,2274,2629.00,7.874358825
T0,0,High -,R4,2020,2599,1453.00,7.281385664
T0,0,High -,R4,2437,3122,1531.00,7.333676396
T0,0,High -,R4,1805,2050,1187.00,7.079184395
T0,0,High -,R4,1981,2986,2631.00,7.875119281
T0,0,High -,R4,2369,2965,1320.00,7.185387016
T0,0,High -,R4,2411,2975,1168.00,7.063048163
T0,0,High -,R4,2348,3211,1191.00,7.082548569
T0,0,High -,R4,2236,2610,1136.00,7.035268599
T0,0,High -,R4,2605,3311,1510.00,7.31986493
T0,0,High -,R4,1601,2017,1633.00,7.398174093
T0,0,High -,R4,2084,2547,986.00,6.893656355
T0,0,High -,R4,2403,2986,3207.00,8.0730912
T0,0,High -,R4,1599,2244,906.00,6.809039306
T0,0,High -,R4,1951,2993,2780.00,7.930206207
T0,0,High -,R4,2546,3660,1334.00,7.195937226
T0,0,High -,R4,1639,2267,938.00,6.843749949
T0,0,High -,R4,2007,2492,1732.00,7.457032089
T0,0,High -,R4,2790,2699,1276.00,7.151485464
T0,0,High -,R4,2020,2556,1693.00,7.434257382
T0,0,High -,R4,2134,2272,3816.00,8.246958033
T0,0,High -,R4,2197,2654,1139.00,7.037905963
T0,0,High -,R4,1289,1637,1815.00,7.503840747
T0,0,High -,R4,1715,2043,1575.00,7.362010551
T0,0,High -,R4,1496,2353,953.00,6.859614904
T0,0,High -,R4,2087,2267,1357.00,7.21303166
T0,0,High -,R4,2328,2825,1210.00,7.098375639
T0,0,High -,R4,2338,3014,1419.00,7.257707677
T0,0,High -,R4,2465,2741,1219.00,7.105786129
T0,0,High -,R4,1924,2074,1297.00,7.167809184
T0,0,High -,R4,1907,2690,2553.00,7.845024417
T0,0,High -,R4,2596,3072,2403.00,7.784473236
T0,0,High -,R4,2071,2564,1341.00,7.201170883
T0,0,High -,R4,2384,3133,1307.00,7.175489714
T0,0,High -,R4,1959,2626,961.00,6.867974409
T0,0,High -,R4,2278,2842,2713.00,7.905810313
T0,0,High -,R4,2166,3377,1566.00,7.356279877
T0,0,High -,R4,2464,3576,1131.00,7.030857476
T0,0,High -,R4,2317,2764,2714.00,7.90617884
T0,0,High -,R4,2148,2783,1166.00,7.061334367
T0,0,High -,R4,2034,2817,2871.00,7.96241568
T0,0,High -,R4,2081,3254,2030.00,7.615791072
T0,0,High -,R4,2109,2613,1417.00,7.25629724
T0,0,High -,R4,2550,2226,1870.00,7.53369371
T0,0,High -,R4,1514,1900,2029.00,7.61529834
T0,0,High -,R4,1930,2534,3272.00,8.093156698
T0,0,High -,R4,1809,2075,2508.00,7.827240902
T0,0,High -,R4,1772,2490,2277.00,7.730614066
T0,0,High -,R4,2228,1997,1277.00,7.152268856
T0,0,High -,R4,1984,3019,1386.00,7.23417718
T0,0,High -,R4,2170,2535,3116.00,8.044305407
T0,0,High -,R4,1637,1533,2551.00,7.844240718
T0,0,High -,R4,2129,3032,1015.00,6.922643891
T0,0,High -,R4,2459,3090,1228.00,7.113142109
T0,0,High -,R4,1641,2484,1317.00,7.183111702
T0,0,High -,R4,2137,2759,1324.00,7.188412736
T0,0,High -,R4,1307,1958,1315.00,7.181591945
T0,0,High -,R4,2334,3212,1144.00,7.042286172
T0,0,High -,R4,1890,2976,1241.00,7.123672785
T0,0,High -,R4,1639,2385,2019.00,7.610357618
T0,0,High -,R4,1589,2576,881.00,6.781057626
T0,0,High -,R4,2175,2800,1451.00,7.280008253
T0,0,High -,R4,1342,2180,1329.00,7.192182059
T0,0,High -,R4,1832,2961,1728.00,7.454719949
T0,0,High -,R4,1393,2086,2424.00,7.793174347
T0,0,High -,R4,2647,3198,2382.00,7.77569575
T0,0,High -,R4,1911,2363,1630.00,7.396335294
T0,0,High -,R4,1531,2198,2040.00,7.620705087
T0,0,High -,R4,1952,2799,1324.00,7.188412736
T0,0,High -,R4,2750,3749,1430.00,7.265429723
T0,0,High -,R4,1608,2015,2760.00,7.922985959
T0,0,High -,R4,1528,2106,1145.00,7.043159916
T0,0,High -,R4,1783,2766,2900.00,7.972466016
T0,0,High -,R4,1782,2506,1794.00,7.492203043
T0,0,High -,R4,1763,2095,2510.00,7.828038032
T0,0,High -,R4,1807,2380,978.00,6.88550967
T0,0,High -,R4,2145,2406,3234.00,8.08147504
T0,0,High -,R4,1462,2325,1850.00,7.522940918
T0,0,High -,R4,2102,2459,1103.00,7.005789019
T0,0,High -,R4,1957,2655,1018.00,6.925595197
T0,0,High -,R4,1977,2747,2653.00,7.883446354
T0,0,High -,R4,1465,2258,2692.00,7.898039691
T0,0,High -,R4,2490,2653,3690.00,8.213381737
T0,0,High -,R4,2020,2343,1722.00,7.451241685
T0,0,High -,R4,2333,3402,1287.00,7.160069208
T0,0,High +,R4,2032,2777,2314.00,7.746732908
T0,0,High +,R4,2037,2347,1237.00,7.120444372
T0,0,High +,R4,1872,2719,1524.00,7.329093736
T0,0,High +,R4,2083,2087,1854.00,7.525100746
T0,0,High +,R4,1737,2194,2446.00,7.802209316
T0,0,High +,R4,2518,3403,1261.00,7.139660336
T0,0,High +,R4,1636,2173,1507.00,7.317876199
T0,0,High +,R4,1521,2186,1098.00,7.001245622
T0,0,High +,R4,2189,2724,3045.00,8.02125618
T0,0,High +,R4,2040,2128,3227.00,8.079308192
T0,0,High +,R4,2309,3323,1029.00,6.936342736
T0,0,High +,R4,2194,3141,1615.00,7.387090236
T0,0,High +,R4,2134,3061,3441.00,8.143517406
T0,0,High +,R4,1656,1891,997.00,6.90475077
T0,0,High +,R4,1938,2567,3305.00,8.103191752
T0,0,High +,R4,2294,3158,1819.00,7.506042179
T0,0,High +,R4,1761,2543,1087.00,6.991176887
T0,0,High +,R4,2459,2885,1481.00,7.300472814
T0,0,High +,R4,1824,2369,1063.00,6.968850378
T0,0,High +,R4,1706,2742,1309.00,7.177018766
T0,0,High +,R4,2403,1757,1886.00,7.542213463
T0,0,High +,R4,2431,3225,1243.00,7.125283092
T0,0,High +,R4,1394,1893,1871.00,7.534228326
T0,0,High +,R4,2366,2877,1472.00,7.294377299
T0,0,High +,R4,2510,3848,4186.00,8.339500903
T0,0,High +,R4,2271,2949,983.00,6.89060912
T0,0,High +,R4,1810,3053,1520.00,7.326465614
T0,0,High +,R4,2174,2804,1390.00,7.237059026
T0,0,High +,R4,1947,2592,1488.00,7.305188215
T0,0,High +,R4,2074,2793,1285.00,7.158513997
T0,0,High +,R4,1825,3025,1058.00,6.964135612
T0,0,High +,R4,2009,2745,1494.00,7.309212366
T0,0,High +,R4,2267,2663,1630.00,7.396335294
T0,0,High +,R4,2102,2168,1988.00,7.594884387
T0,0,High +,R4,2106,2254,1174.00,7.068172
T0,0,High +,R4,2110,2700,1053.00,6.959398512
T0,0,High +,R4,1429,2123,1354.00,7.210818453
T0,0,High +,R4,1437,2340,2044.00,7.622663951
T0,0,High +,R4,2147,2163,3009.00,8.009363077
T0,0,High +,R4,1923,2040,1263.00,7.141245122
T0,0,High +,R4,1863,2385,1378.00,7.228388452
T0,0,High +,R4,1864,2971,1155.00,7.051855623
T0,0,High +,R4,2526,3215,1954.00,7.577633833
T0,0,High +,R4,2351,2942,1214.00,7.101675972
T0,0,High +,R4,2147,2358,996.00,6.903747258
T0,0,High +,R4,1694,2652,1174.00,7.068172
T0,0,High +,R4,1388,2058,1815.00,7.503840747
T0,0,High +,R4,2091,2784,2112.00,7.655390645
T0,0,High +,R4,1616,1371,2157.00,7.676473646
T0,0,High +,R4,1435,2171,1159.00,7.055312843
T0,0,High +,R4,2009,1954,2963.00,7.993957548
T0,0,High +,R4,1518,2256,874.00,6.773080376
T0,0,High +,R4,2256,3160,3276.00,8.094378445
T0,0,High +,R4,1861,2396,2457.00,7.806696373
T0,0,High +,R4,2230,2539,1743.00,7.463363046
T0,0,High +,R4,2094,2401,3030.00,8.016317899
T0,0,High +,R4,2217,3011,1015.00,6.922643891
T0,0,High +,R4,1913,2640,2874.00,7.963460067
T0,0,High +,R4,2342,2538,1558.00,7.351158226
T0,0,High +,R4,2159,2984,1198.00,7.088408779
T0,0,High +,R4,2455,3003,1784.00,7.486613313
T0,0,High +,R4,1736,2393,1550.00,7.34601021
T0,0,High +,R4,2301,2606,2145.00,7.670894831
T0,0,High +,R4,2472,2644,1834.00,7.514254653
T0,0,High +,R4,1508,1981,1105.00,7.007600614
T0,0,High +,R4,2119,2546,1628.00,7.395107547
T0,0,High +,R4,2824,3801,1284.00,7.157735484
T0,0,High +,R4,1953,2686,1436.00,7.26961675
T0,0,High +,R4,2726,3862,2918.00,7.978653729
T0,0,High +,R4,2155,2693,3484.00,8.155936338
T0,0,High +,R4,2402,2911,1419.00,7.257707677
T0,0,High +,R4,2213,2448,1674.00,7.422971251
T0,0,High +,R4,2002,2378,3251.00,8.08671792
T0,0,High +,R4,2110,2309,1977.00,7.589335823
T0,0,High +,R4,2055,2428,961.00,6.867974409
T0,0,High +,R4,2043,2878,1517.00,7.324489979
T0,0,High +,R4,1881,2468,2933.00,7.983781069
T0,0,High +,R4,2600,3378,1782.00,7.485491608
T0,0,High +,R4,1804,2688,3195.00,8.069342367
T0,0,High +,R4,1578,2284,863.00,6.760414691
T0,0,High +,R4,1902,2593,2788.00,7.933079772
T0,0,High +,R4,1878,2453,1349.00,7.207118856
T0,0,High +,R4,1768,2450,3121.00,8.045908742
T0,0,High +,R4,1475,2332,2614.00,7.868636894
T0,0,High +,R4,1760,2510,3106.00,8.041091004
T0,0,High +,R4,1755,2714,1731.00,7.456454555
T0,0,High +,R4,1865,2206,1443.00,7.274479559
T0,0,High +,R4,2250,3027,1129.00,7.029087564
T0,0,High +,R4,1944,2374,1325.00,7.189167738
T0,0,High +,R4,2156,2360,2808.00,7.940227765
T0,0,High +,R4,2029,2363,2220.00,7.705262475
T0,0,High +,R4,2057,2944,3699.00,8.215817792
T0,0,High +,R4,2567,2819,1067.00,6.972606251
T0,0,High +,R4,1975,2605,3653.00,8.203304027
T0,0,High +,R4,1373,1409,842.00,6.735780014
T0,0,High +,R4,1756,2486,1359.00,7.214504414
T0,0,High +,R4,2349,2286,1561.00,7.353081921
T0,0,High +,R4,1876,2255,1081.00,6.985641818
T0,0,High +,R4,2217,2599,1934.00,7.567345676
T0,0,High +,R4,2094,2646,1187.00,7.079184395
T0,0,High +,R4,2012,2373,1277.00,7.152268856
T0,0,High +,R4,2060,2539,1918.00,7.559038255
T0,0,High +,R4,2175,2230,1043.00,6.949856455
T0,0,High +,R4,2142,2955,1266.00,7.143617603
T0,0,High +,R4,2005,2935,1033.00,6.940222469
T0,0,High +,R4,1841,2319,1685.00,7.429520843
T0,0,High +,R4,2434,2994,1086.00,6.9902565
T0,0,High +,R4,1593,2565,912.00,6.81563999
T0,0,High +,R4,1701,1977,2080.00,7.640123173
T0,0,High +,R4,1318,1931,2033.00,7.617267814
T0,0,High +,R4,2022,2461,1192.00,7.083387848
T0,0,High +,R4,1519,2408,1328.00,7.19142933
T0,0,High +,R4,2257,3067,1836.00,7.515344571
T0,0,High +,R4,1767,2511,952.00,6.858565035
T0,0,High +,R4,2245,3087,2383.00,7.776115477
T0,0,High +,R4,2066,2648,3259.00,8.089175679
T0,0,High +,R4,2078,3219,1165.00,7.060476366
T0,0,High +,R4,2001,2222,1208.00,7.096721378
T0,0,High +,R4,2260,2439,1159.00,7.055312843
T0,0,High +,R4,2450,2828,1232.00,7.116394144
T0,0,High +,R4,2251,3160,1273.00,7.149131599
T0,0,High +,R4,2165,3223,1835.00,7.51479976
T0,0,High +,R4,1994,2859,1027.00,6.93439721
T0,0,High +,R4,2460,3059,1983.00,7.592366129
T0,0,High +,R4,1848,2687,941.00,6.84694314
T0,0,High +,R4,1733,2605,993.00,6.900730664
T0,0,High +,R4,1588,1940,1018.00,6.925595197
T0,0,High +,R4,1706,2004,1952.00,7.576609767
T0,0,High +,R4,1628,2515,1145.00,7.043159916
T0,0,High +,R4,1659,1730,1358.00,7.213768308
T0,0,High +,R4,1949,2136,2744.00,7.917171989
T0,0,High +,R4,2099,3050,3713.00,8.219595454
T0,0,High +,R4,1962,2495,2338.00,7.757051142
T0,0,High +,R4,2012,2693,2813.00,7.942006808
T0,0,High +,R4,1763,2569,2354.00,7.763871288
T0,0,High +,R4,1576,2332,974.00,6.881411304
T0,0,High +,R4,1735,2043,943.00,6.849066283
T0,0,High +,R4,2347,3152,2762.00,7.923710334
T0,0,High +,R4,2055,2484,1188.00,7.0800265
T0,0,High +,R4,2401,3351,3313.00,8.105609402
T0,0,High +,R4,2010,2558,1530.00,7.333023014
T0,0,High +,R4,2387,3092,1379.00,7.229113878
T0,0,High +,R4,1359,2068,1041.00,6.947937069
T0,0,High +,R4,2374,2916,1355.00,7.211556733
T0,0,High +,R4,2239,2387,2951.00,7.989899375
T0,0,High +,R4,2249,3394,2920.00,7.979338895
T0,0,High +,R4,2135,2724,2298.00,7.739794458
T0,0,High +,R4,2073,2281,1675.00,7.423568444
T0,0,High +,R4,1930,2804,928.00,6.833031733
T0,0,High +,R4,1980,2302,2154.00,7.675081858
T0,0,High +,R4,1820,2474,1450.00,7.279318835
T0,0,High +,R4,2272,2388,2623.00,7.87207398
T0,0,High +,R4,2561,3291,1757.00,7.471363088
T0,0,High +,R4,2300,3285,1613.00,7.385851078
T0,0,High +,R4,1917,2419,992.00,6.899723107
T0,0,High +,R4,1735,2093,1330.00,7.192934221
T0,0,High +,R4,2175,2957,1268.00,7.145196135
T0,0,High +,R4,1888,2860,1344.00,7.203405521
T0,0,High +,R4,2543,2554,2033.00,7.617267814
T0,0,High +,R4,2292,2751,1208.00,7.096721378
T0,0,High +,R4,1869,2238,2551.00,7.844240718
T0,0,High +,R4,2098,2736,2546.00,7.842278779
T0,0,High +,R4,2129,2521,2747.00,7.918264686
T0,0,High +,R4,1758,2565,3017.00,8.012018239
T0,0,High +,R4,1481,2042,911.00,6.814542897
T0,0,High +,R4,2361,3042,1187.00,7.079184395
T0,0,High +,R4,2318,2632,1046.00,6.952728645
T0,0,High +,R4,1919,2517,916.00,6.820016365
T0,0,High +,R4,1298,2077,1879.00,7.538494999
T0,0,High +,R4,2320,2556,2670.00,7.889833751
T0,0,High +,R4,2492,3315,3614.00,8.192570471
T0,0,High +,R4,1988,2565,2145.00,7.670894831
T0,0,High +,R4,1584,2328,2674.00,7.891330758
T0,0,High +,R4,1997,2729,1078.00,6.982862751
T0,0,High +,R4,2147,2993,1820.00,7.50659178
T0,0,High +,R4,1658,1098,910.00,6.8134446
T0,0,High +,R4,1954,2515,1103.00,7.005789019
T0,0,High +,R4,2101,2940,3765.00,8.23350314
T0,0,High +,R4,1861,2715,972.00,6.879355804
T0,0,High +,R4,1706,2131,2413.00,7.788626066
T0,0,High +,R4,1985,2812,2022.00,7.6118424
T0,0,High +,R4,2107,2404,3178.00,8.064007347
T0,0,High +,R4,2087,2590,999.00,6.906754779
T0,0,High +,R4,1751,2505,1378.00,7.228388452
T0,0,High +,R4,2208,2676,1392.00,7.238496841
T0,0,High +,R4,1547,2055,1161.00,7.057036982
T0,0,High +,R4,2321,3127,1580.00,7.365180126
T0,0,High +,R4,1302,2336,1123.00,7.023758955
T0,0,High +,R4,2022,2193,1547.00,7.344072851
T0,0,High +,R4,1791,2546,2131.00,7.664346632
T0,0,High +,R4,1912,2748,1059.00,6.965080346
T0,0,High +,R4,1518,2319,1118.00,7.019296654
T0,0,High +,R4,2170,2727,1253.00,7.133295955
T0,0,High +,R4,1614,1456,2359.00,7.765993079
T0,0,High +,R4,1810,2153,1392.00,7.238496841
T0,0,High +,R4,2182,2765,1293.00,7.164720379
T0,0,High +,R4,1543,1508,1832.00,7.513163545
T0,0,High +,R4,1743,2200,930.00,6.835184586
T0,0,Low -,R5,2455,3013,282.00,5.641907071
T0,0,Low -,R5,2078,2266,153.00,5.030437921
T0,0,Low -,R5,1314,2348,410.00,6.01615716
T0,0,Low -,R5,2039,2882,341.00,5.831882477
T0,0,Low -,R5,2401,2822,378.00,5.934894196
T0,0,Low -,R5,1875,2619,453.00,6.115892125
T0,0,Low -,R5,2419,3293,173.00,5.153291594
T0,0,Low -,R5,2813,3525,64.70,4.169761202
T0,0,Low -,R5,1635,2483,306.00,5.723585102
T0,0,Low -,R5,1995,2764,301.00,5.707110265
T0,0,Low -,R5,2549,3323,310.00,5.736572297
T0,0,Low -,R5,1930,2612,380.00,5.940171253
T0,0,Low -,R5,2263,3030,207.00,5.332718793
T0,0,Low -,R5,2025,2502,382.00,5.945420609
T0,0,Low -,R5,1359,1549,51.40,3.939638172
T0,0,Low -,R5,1596,2524,337.00,5.82008293
T0,0,Low -,R5,2363,3141,414.00,6.025865974
T0,0,Low -,R5,1839,2542,320.00,5.768320996
T0,0,Low -,R5,2071,2646,324.00,5.780743516
T0,0,Low -,R5,2395,2876,225.00,5.416100402
T0,0,Low -,R5,2170,2810,449.00,6.107022888
T0,0,Low -,R5,2577,2942,496.00,6.206575927
T0,0,Low -,R5,2190,2955,321.00,5.771441123
T0,0,Low -,R5,2118,2374,119.00,4.779123493
T0,0,Low -,R5,2224,2639,500.00,6.214608098
T0,0,Low -,R5,2413,3270,531.00,6.274762021
T0,0,Low -,R5,2062,2087,384.00,5.950642553
T0,0,Low -,R5,2075,2919,396.00,5.981414211
T0,0,Low -,R5,1454,1649,43.60,3.77505715
T0,0,Low -,R5,1975,2732,340.00,5.828945618
T0,0,Low -,R5,2515,2718,283.00,5.645446898
T0,0,Low -,R5,2351,3089,577.00,6.357842267
T0,0,Low -,R5,1931,2334,488.00,6.190315406
T0,0,Low -,R5,2568,3431,513.00,6.240275845
T0,0,Low -,R5,2049,2810,533.00,6.278521424
T0,0,Low -,R5,2056,2616,376.00,5.929589143
T0,0,Low -,R5,2169,2912,267.00,5.587248658
T0,0,Low -,R5,2164,3045,352.00,5.863631176
T0,0,Low -,R5,2482,3088,602.00,6.400257445
T0,0,Low -,R5,1895,2182,151.00,5.017279837
T0,0,Low -,R5,1453,2145,308.00,5.730099783
T0,0,Low -,R5,2317,2724,418.00,6.035481433
T0,0,Low -,R5,2204,2675,452.00,6.11368218
T0,0,Low -,R5,1989,2715,109.00,4.691347882
T0,0,Low -,R5,2030,1987,73.20,4.293195421
T0,0,Low -,R5,2468,2754,375.00,5.926926026
T0,0,Low -,R5,1853,2238,425.00,6.052089169
T0,0,Low -,R5,1756,2411,262.00,5.568344504
T0,0,Low -,R5,2417,2945,187.00,5.231108617
T0,0,Low -,R5,2430,3006,135.00,4.905274778
T0,0,Low -,R5,2045,1850,459.00,6.12905021
T0,0,Low -,R5,1773,1419,112.00,4.718498871
T0,0,Low -,R5,2660,2563,338.00,5.823045895
T0,0,Low -,R5,1907,2537,236.00,5.463831805
T0,0,Low -,R5,2135,2535,166.00,5.111987788
T0,0,Low -,R5,2187,2989,365.00,5.899897354
T0,0,Low -,R5,2398,3167,534.00,6.280395839
T0,0,Low -,R5,2835,2988,438.00,6.08221891
T0,0,Low -,R5,1588,2311,449.00,6.107022888
T0,0,Low -,R5,1608,1374,419.00,6.03787092
T0,0,Low -,R5,1357,1985,264.00,5.575949103
T0,0,Low -,R5,2709,3280,452.00,6.11368218
T0,0,Low -,R5,2413,2889,337.00,5.82008293
T0,0,Low -,R5,1991,2406,278.00,5.627621114
T0,0,Low -,R5,1601,2023,313.00,5.746203191
T0,0,Low -,R5,1706,2556,384.00,5.950642553
T0,0,Low -,R5,1837,1565,57.50,4.051784948
T0,0,Low -,R5,2299,2156,150.00,5.010635294
T0,0,Low -,R5,1578,2144,219.00,5.38907173
T0,0,Low -,R5,2218,2671,458.00,6.126869184
T0,0,Low -,R5,2045,1689,60.40,4.100989105
T0,0,Low -,R5,2548,3207,316.00,5.755742214
T0,0,Low -,R5,1986,2925,72.40,4.282206299
T0,0,Low -,R5,1630,2424,380.00,5.940171253
T0,0,Low -,R5,2143,2915,522.00,6.257667588
T0,0,Low -,R5,2187,3101,489.00,6.192362489
T0,0,Low -,R5,2020,2188,171.00,5.141663557
T0,0,Low -,R5,2325,2509,265.00,5.579729826
T0,0,Low -,R5,1614,2494,145.00,4.976733742
T0,0,Low -,R5,1879,2198,297.00,5.693732139
T0,0,Low -,R5,1951,2487,58.10,4.062165664
T0,0,Low -,R5,1768,2611,212.00,5.356586275
T0,0,Low -,R5,2287,2621,497.00,6.208590026
T0,0,Low -,R5,1551,1938,482.00,6.177944114
T0,0,Low -,R5,2027,2427,60.70,4.105943698
T0,0,Low -,R5,1618,2494,337.00,5.82008293
T0,0,Low -,R5,2416,3342,393.00,5.973809612
T0,0,Low -,R5,1513,1585,51.50,3.941581808
T0,0,Low -,R5,2279,2264,398.00,5.986452005
T0,0,Low -,R5,1996,2954,158.00,5.062595033
T0,0,Low -,R5,2361,2998,552.00,6.313548046
T0,0,Low -,R5,2582,2964,147.00,4.990432587
T0,0,Low -,R5,2201,2983,68.50,4.226833745
T0,0,Low -,R5,2454,2713,210.00,5.347107531
T0,0,Low -,R5,2566,3009,584.00,6.369900983
T0,0,Low -,R5,2130,2998,552.00,6.313548046
T0,0,Low -,R5,2064,2691,167.00,5.117993812
T0,0,Low -,R5,1779,2396,60.20,4.097672352
T0,0,Low -,R5,1506,2542,173.00,5.153291594
T0,0,Low -,R5,2081,2628,428.00,6.059123196
T0,0,Low -,R5,1704,1679,87.30,4.469350463
T0,0,Low -,R5,2162,2742,540.00,6.29156914
T0,0,Low -,R5,1965,2136,75.30,4.321480135
T0,0,Low -,R5,2045,2218,375.00,5.926926026
T0,0,Low -,R5,1307,1637,44.90,3.804437795
T0,0,Low -,R5,2254,3109,360.00,5.886104031
T0,0,Low -,R5,1935,2511,311.00,5.739792912
T0,0,Low -,R5,2248,1952,169.00,5.129898715
T0,0,Low -,R5,2344,2898,556.00,6.320768294
T0,0,Low -,R5,2144,2970,516.00,6.246106765
T0,0,Low -,R5,2196,2471,335.00,5.814130532
T0,0,Low -,R5,2232,3226,382.00,5.945420609
T0,0,Low -,R5,2129,2446,321.00,5.771441123
T0,0,Low -,R5,1536,2057,459.00,6.12905021
T0,0,Low -,R5,2638,3183,349.00,5.855071922
T0,0,Low -,R5,1964,2098,383.00,5.948034989
T0,0,Low -,R5,2079,2334,275.00,5.616771098
T0,0,Low -,R5,2442,3188,237.00,5.468060141
T0,0,Low -,R5,2486,3338,478.00,6.169610732
T0,0,Low -,R5,1984,2914,370.00,5.913503006
T0,0,Low -,R5,2350,2635,527.00,6.267200549
T0,0,Low -,R5,2204,2780,164.00,5.099866428
T0,0,Low -,R5,2635,2808,605.00,6.405228458
T0,0,Low -,R5,2525,3168,266.00,5.583496309
T0,0,Low -,R5,2368,2922,506.00,6.226536669
T0,0,Low -,R5,1941,2514,282.00,5.641907071
T0,0,Low -,R5,2237,2349,388.00,5.96100534
T0,0,Low -,R5,2288,2267,384.00,5.950642553
T0,0,Low -,R5,2059,3149,310.00,5.736572297
T0,0,Low -,R5,1494,2285,187.00,5.231108617
T0,0,Low -,R5,2125,2239,437.00,6.079933195
T0,0,Low -,R5,1978,2615,468.00,6.148468296
T0,0,Low -,R5,2482,2515,493.00,6.200509174
T0,0,Low -,R5,1960,1977,179.00,5.187385806
T0,0,Low -,R5,2453,2673,534.00,6.280395839
T0,0,Low -,R5,1675,1756,387.00,5.958424693
T0,0,Low -,R5,2379,2938,526.00,6.265301213
T0,0,Low -,R5,1733,2651,287.00,5.659482216
T0,0,Low -,R5,1779,2298,218.00,5.384495063
T0,0,Low -,R5,2668,3173,300.00,5.703782475
T0,0,Low -,R5,1708,2688,183.00,5.209486153
T0,0,Low -,R5,1606,2010,438.00,6.08221891
T0,0,Low -,R5,1833,2337,511.00,6.23636959
T0,0,Low -,R5,2396,2360,393.00,5.973809612
T0,0,Low -,R5,1748,2411,221.00,5.398162702
T0,0,Low -,R5,1479,2140,451.00,6.11146734
T0,0,Low -,R5,1476,2177,408.00,6.011267174
T0,0,Low -,R5,2470,2998,489.00,6.192362489
T0,0,Low -,R5,1560,1562,136.00,4.912654886
T0,0,Low -,R5,2247,2622,337.00,5.82008293
T0,0,Low -,R5,1941,2293,222.00,5.402677382
T0,0,Low -,R5,2142,2386,219.00,5.38907173
T0,0,Low -,R5,2055,3004,317.00,5.758901774
T0,0,Low -,R5,2057,1442,488.00,6.190315406
T0,0,Low -,R5,2354,3277,537.00,6.285998095
T0,0,Low -,R5,1680,2106,228.00,5.429345629
T0,0,Low -,R5,2344,2821,512.00,6.238324625
T0,0,Low -,R5,2162,2628,508.00,6.230481448
T0,0,Low -,R5,2573,2826,612.00,6.416732283
T0,0,Low -,R5,1946,2329,547.00,6.304448802
T0,0,Low -,R5,1700,1183,154.00,5.036952602
T0,0,Low -,R5,1377,2344,409.00,6.013715156
T0,0,Low -,R5,1589,2052,195.00,5.272999559
T0,0,Low -,R5,1705,2029,155.00,5.043425117
T0,0,Low -,R5,1837,2718,71.60,4.271095074
T0,0,Low -,R5,2312,2741,443.00,6.09356977
T0,0,Low -,R5,2623,2913,345.00,5.843544417
T0,0,Low -,R5,2167,2798,285.00,5.65248918
T0,0,Low -,R5,2264,3356,87.70,4.473921899
T0,0,Low -,R5,2750,3507,271.00,5.602118821
T0,0,Low -,R5,1893,2427,500.00,6.214608098
T0,0,Low -,R5,1967,2316,61.10,4.112511866
T0,0,Low -,R5,1949,2682,303.00,5.713732806
T0,0,Low -,R5,2217,3119,360.00,5.886104031
T0,0,Low -,R5,2281,3050,240.00,5.480638923
T0,0,Low -,R5,2172,2710,561.00,6.329720906
T0,0,Low -,R5,2422,2611,502.00,6.21860012
T0,0,Low -,R5,2127,2702,441.00,6.089044875
T0,0,Low -,R5,1384,1630,469.00,6.150602768
T0,0,Low -,R5,2048,2667,484.00,6.182084907
T0,0,Low -,R5,2358,2716,512.00,6.238324625
T0,0,Low -,R5,2389,2976,465.00,6.142037406
T0,0,Low -,R5,1880,2377,271.00,5.602118821
T0,0,Low -,R5,2481,2179,576.00,6.356107661
T0,0,Low -,R5,2020,2310,514.00,6.242223265
T0,0,Low -,R5,1764,2790,107.00,4.672828834
T0,0,Low -,R5,1878,2092,191.00,5.252273428
T0,0,Low -,R5,1977,1852,94.60,4.549657476
T0,0,Low -,R5,2291,3085,85.60,4.449685283
T0,0,Low -,R5,1486,2177,489.00,6.192362489
T0,0,Low -,R5,2027,2075,384.00,5.950642553
T0,0,Low -,R5,1997,2737,496.00,6.206575927
T0,0,Low -,R5,1972,2633,359.00,5.883322388
T0,0,Low -,R5,1701,2689,241.00,5.484796933
T0,0,Low -,R5,1813,2317,403.00,5.998936562
T0,0,Low -,R5,1915,1682,113.00,4.727387819
T0,0,Low +,R5,1829,1772,413.00,6.023447593
T0,0,Low +,R5,2292,3193,509.00,6.232448017
T0,0,Low +,R5,1622,1717,83.70,4.427238977
T0,0,Low +,R5,1631,2200,208.00,5.33753808
T0,0,Low +,R5,2069,1890,430.00,6.063785209
T0,0,Low +,R5,2390,2222,123.00,4.812184355
T0,0,Low +,R5,2132,2105,486.00,6.186208624
T0,0,Low +,R5,2158,2607,394.00,5.976350909
T0,0,Low +,R5,2204,2744,215.00,5.370638028
T0,0,Low +,R5,1338,1454,120.00,4.787491743
T0,0,Low +,R5,2135,2400,215.00,5.370638028
T0,0,Low +,R5,2010,2141,472.00,6.156978986
T0,0,Low +,R5,1698,1940,229.00,5.433722004
T0,0,Low +,R5,2231,2403,338.00,5.823045895
T0,0,Low +,R5,2531,2904,591.00,6.381816017
T0,0,Low +,R5,2402,2606,251.00,5.525452939
T0,0,Low +,R5,2216,2621,73.80,4.301358732
T0,0,Low +,R5,1551,2105,351.00,5.860786223
T0,0,Low +,R5,2012,2533,524.00,6.261491684
T0,0,Low +,R5,1309,2097,428.00,6.059123196
T0,0,Low +,R5,1780,2693,365.00,5.899897354
T0,0,Low +,R5,1877,2495,472.00,6.156978986
T0,0,Low +,R5,2325,2695,239.00,5.476463552
T0,0,Low +,R5,2490,2975,347.00,5.84932478
T0,0,Low +,R5,1741,2441,444.00,6.095824562
T0,0,Low +,R5,2186,3501,421.00,6.042632834
T0,0,Low +,R5,1641,2477,109.00,4.691347882
T0,0,Low +,R5,2592,2465,428.00,6.059123196
T0,0,Low +,R5,1895,2082,127.00,4.844187086
T0,0,Low +,R5,2040,2720,343.00,5.837730447
T0,0,Low +,R5,1904,2287,504.00,6.222576268
T0,0,Low +,R5,2138,2755,477.00,6.167516491
T0,0,Low +,R5,2350,2829,440.00,6.086774727
T0,0,Low +,R5,2324,2656,173.00,5.153291594
T0,0,Low +,R5,2071,2213,418.00,6.035481433
T0,0,Low +,R5,2363,2794,340.00,5.828945618
T0,0,Low +,R5,1937,2433,410.00,6.01615716
T0,0,Low +,R5,2606,3003,547.00,6.304448802
T0,0,Low +,R5,2236,2497,498.00,6.210600077
T0,0,Low +,R5,1900,1649,395.00,5.978885765
T0,0,Low +,R5,2086,2245,221.00,5.398162702
T0,0,Low +,R5,2478,3205,569.00,6.343880434
T0,0,Low +,R5,2110,3275,405.00,6.003887067
T0,0,Low +,R5,2086,2935,339.00,5.826000107
T0,0,Low +,R5,2217,2491,375.00,5.926926026
T0,0,Low +,R5,1931,2477,70.70,4.258445573
T0,0,Low +,R5,2363,3198,96.30,4.567468319
T0,0,Low +,R5,2256,2818,327.00,5.789960171
T0,0,Low +,R5,2148,2560,544.00,6.298949247
T0,0,Low +,R5,1571,1655,83.20,4.421247348
T0,0,Low +,R5,2016,3481,366.00,5.902633333
T0,0,Low +,R5,2083,2540,418.00,6.035481433
T0,0,Low +,R5,2140,2568,520.00,6.253828812
T0,0,Low +,R5,1581,1762,67.70,4.21508618
T0,0,Low +,R5,2004,2240,162.00,5.087596335
T0,0,Low +,R5,1582,2399,105.00,4.65396035
T0,0,Low +,R5,1803,1361,422.00,6.045005314
T0,0,Low +,R5,2351,3321,383.00,5.948034989
T0,0,Low +,R5,1636,1418,197.00,5.283203729
T0,0,Low +,R5,1623,2281,372.00,5.918893854
T0,0,Low +,R5,2044,2165,426.00,6.054439346
T0,0,Low +,R5,1649,2282,71.00,4.262679877
T0,0,Low +,R5,2261,2530,423.00,6.047372179
T0,0,Low +,R5,2553,3189,416.00,6.03068526
T0,0,Low +,R5,1706,2402,461.00,6.133398043
T0,0,Low +,R5,1763,2396,442.00,6.091309882
T0,0,Low +,R5,1932,2932,520.00,6.253828812
T0,0,Low +,R5,2298,2903,146.00,4.983606622
T0,0,Low +,R5,2307,2555,372.00,5.918893854
T0,0,Low +,R5,1878,2531,445.00,6.098074282
T0,0,Low +,R5,1814,2361,369.00,5.910796644
T0,0,Low +,R5,1989,2536,501.00,6.216606101
T0,0,Low +,R5,2293,3027,261.00,5.564520407
T0,0,Low +,R5,1562,986,300.00,5.703782475
T0,0,Low +,R5,2254,2233,363.00,5.894402834
T0,0,Low +,R5,2330,2722,291.00,5.673323267
T0,0,Low +,R5,1521,2094,341.00,5.831882477
T0,0,Low +,R5,1706,1432,431.00,6.06610809
T0,0,Low +,R5,2151,2636,332.00,5.805134969
T0,0,Low +,R5,2116,2708,219.00,5.38907173
T0,0,Low +,R5,1525,2393,347.00,5.84932478
T0,0,Low +,R5,2142,2725,160.00,5.075173815
T0,0,Low +,R5,2334,2330,101.00,4.615120517
T0,0,Low +,R5,1308,2297,400.00,5.991464547
T0,0,Low +,R5,2105,2714,285.00,5.65248918
T0,0,Low +,R5,2344,2618,375.00,5.926926026
T0,0,Low +,R5,2256,2472,507.00,6.228511004
T0,0,Low +,R5,2075,2411,431.00,6.06610809
T0,0,Low +,R5,2151,2411,464.00,6.139884552
T0,0,Low +,R5,2442,2625,561.00,6.329720906
T0,0,Low +,R5,2181,2435,454.00,6.118097198
T0,0,Low +,R5,2591,2951,171.00,5.141663557
T0,0,Low +,R5,2156,2921,557.00,6.32256524
T0,0,Low +,R5,2337,2768,471.00,6.154858094
T0,0,Low +,R5,2379,3094,134.00,4.8978398
T0,0,Low +,R5,1369,1957,283.00,5.645446898
T0,0,Low +,R5,2802,2786,284.00,5.648974238
T0,0,Low +,R5,2250,2966,417.00,6.033086222
T0,0,Low +,R5,1439,2017,50.80,3.927896355
T0,0,Low +,R5,1967,2389,215.00,5.370638028
T0,0,Low +,R5,1943,3146,460.00,6.131226489
T0,0,Low +,R5,1883,2374,214.00,5.365976015
T0,0,Low +,R5,1847,2022,350.00,5.857933154
T0,0,Low +,R5,2417,3320,542.00,6.295266001
T0,0,Low +,R5,1996,2085,484.00,6.182084907
T0,0,Low +,R5,2275,3192,336.00,5.81711116
T0,0,Low +,R5,1853,2529,388.00,5.96100534
T0,0,Low +,R5,1843,2755,378.00,5.934894196
T0,0,Low +,R5,2166,3195,347.00,5.84932478
T0,0,Low +,R5,2352,2945,356.00,5.874930731
T0,0,Low +,R5,1631,2486,331.00,5.802118375
T0,0,Low +,R5,2068,2945,428.00,6.059123196
T0,0,Low +,R5,2492,3141,572.00,6.349138991
T0,0,Low +,R5,1930,2483,214.00,5.365976015
T0,0,Low +,R5,2330,3331,565.00,6.336825731
T0,0,Low +,R5,1819,2146,200.00,5.298317367
T0,0,Low +,R5,1727,2167,465.00,6.142037406
T0,0,Low +,R5,2205,2159,460.00,6.131226489
T0,0,Low +,R5,2300,2984,307.00,5.726847748
T0,0,Low +,R5,1878,2505,317.00,5.758901774
T0,0,Low +,R5,2651,3823,185.00,5.220355825
T0,0,Low +,R5,1812,2700,201.00,5.303304908
T0,0,Low +,R5,2121,2998,561.00,6.329720906
T0,0,Low +,R5,2036,2321,362.00,5.891644212
T0,0,Low +,R5,1667,1982,420.00,6.040254711
T0,0,Low +,R5,2624,3342,532.00,6.276643489
T0,0,Low +,R5,1769,2189,319.00,5.765191103
T0,0,Low +,R5,1807,2323,264.00,5.575949103
T0,0,Low +,R5,2065,2500,479.00,6.171700597
T0,0,Low +,R5,1562,2355,152.00,5.023880521
T0,0,Low +,R5,1538,2160,469.00,6.150602768
T0,0,Low +,R5,1647,2401,497.00,6.208590026
T0,0,Low +,R5,2488,3104,601.00,6.398594935
T0,0,Low +,R5,1993,2720,410.00,6.01615716
T0,0,Low +,R5,1682,2220,438.00,6.08221891
T0,0,Low +,R5,2003,2878,264.00,5.575949103
T0,0,Low +,R5,2269,2940,310.00,5.736572297
T0,0,Low +,R5,2327,3008,373.00,5.92157842
T0,0,Low +,R5,2137,2524,226.00,5.420534999
T0,0,Low +,R5,1636,1928,318.00,5.762051383
T0,0,Low +,R5,2298,2916,372.00,5.918893854
T0,0,Low +,R5,2460,3294,155.00,5.043425117
T0,0,Low +,R5,1960,2541,316.00,5.755742214
T0,0,Low +,R5,2812,2988,261.00,5.564520407
T0,0,Low +,R5,1952,2425,317.00,5.758901774
T0,0,Low +,R5,2157,3213,313.00,5.746203191
T0,0,Low +,R5,2708,2979,104.00,4.644390899
T0,0,Low +,R5,1838,1401,424.00,6.049733455
T0,0,Low +,R5,2061,2986,510.00,6.234410726
T0,0,Low +,R5,2059,2780,233.00,5.451038454
T0,0,Low +,R5,2400,2497,373.00,5.92157842
T0,0,Low +,R5,1680,2193,194.00,5.267858159
T0,0,Low +,R5,1791,2096,370.00,5.913503006
T0,0,Low +,R5,1944,2686,543.00,6.29710932
T0,0,Low +,R5,1768,2480,456.00,6.12249281
T0,0,Low +,R5,2023,2755,490.00,6.194405391
T0,0,Low +,R5,1629,2318,486.00,6.186208624
T0,0,Low +,R5,2126,2180,427.00,6.056784013
T0,0,Low +,R5,2331,2787,138.00,4.927253685
T0,0,Low +,R5,2134,2581,333.00,5.80814249
T0,0,Low +,R5,1870,2604,522.00,6.257667588
T0,0,Low +,R5,2553,2943,97.00,4.574710979
T0,0,Low +,R5,2167,2361,542.00,6.295266001
T0,0,Low +,R5,2294,2739,458.00,6.126869184
T0,0,Low +,R5,1849,2142,524.00,6.261491684
T0,0,Low +,R5,2227,2933,456.00,6.12249281
T0,0,Low +,R5,2186,2815,243.00,5.493061443
T0,0,Low +,R5,2450,3123,129.00,4.859812404
T0,0,Low +,R5,1611,2426,490.00,6.194405391
T0,0,Low +,R5,2093,2953,56.90,4.041295341
T0,0,Low +,R5,2768,3747,576.00,6.356107661
T0,0,Low +,R5,1791,2016,253.00,5.533389489
T0,0,Low +,R5,1895,3132,528.00,6.269096284
T0,0,Low +,R5,2586,2952,461.00,6.133398043
T0,0,Low +,R5,1784,2559,333.00,5.80814249
T0,0,Low +,R5,2245,3070,76.70,4.339901708
T0,0,Low +,R5,2207,2806,231.00,5.442417711
T0,0,Low +,R5,1719,2581,462.00,6.135564891
T0,0,Low +,R5,2029,1850,497.00,6.208590026
T0,0,Low +,R5,2140,2589,538.00,6.28785856
T0,0,Low +,R5,1872,2656,504.00,6.222576268
T0,0,Low +,R5,2350,2376,272.00,5.605802066
T0,0,Low +,R5,2516,2783,549.00,6.308098442
T0,0,Low +,R5,2307,2364,254.00,5.537334267
T0,0,Low +,R5,2122,2721,167.00,5.117993812
T0,0,Low +,R5,2319,3298,588.00,6.376726948
T0,0,Low +,R5,2085,2671,416.00,6.03068526
T0,0,Low +,R5,2231,2635,363.00,5.894402834
T0,0,Low +,R5,1484,2184,65.80,4.186619838
T0,0,Low +,R5,2213,2987,337.00,5.82008293
T0,0,Low +,R5,2687,3626,417.00,6.033086222
T0,0,Low +,R5,2073,2568,165.00,5.105945474
T0,0,Low +,R5,1495,2070,393.00,5.973809612
T0,0,Low +,R5,2564,3572,537.00,6.285998095
T0,0,Low +,R5,2184,2434,522.00,6.257667588
T0,0,Low +,R5,1938,3156,436.00,6.077642243
T0,0,Low +,R5,2058,2497,322.00,5.774551546
T0,0,Low +,R5,1756,2536,132.00,4.882801923
T24,24,High -,R4,1863,2189,3098.00,8.038512021
T24,24,High -,R4,1822,1984,3404.00,8.13270649
T24,24,High -,R4,1502,2036,2757.00,7.921898411
T24,24,High -,R4,1514,2049,2451.00,7.804251384
T24,24,High -,R5,1699,2255,49.90,3.910021003
T24,24,High -,R4,1748,1942,2712.00,7.905441649
T24,24,High -,R5,2285,3332,75.60,4.325456283
T24,24,High -,R5,2257,2681,65.50,4.182050143
T24,24,High -,R4,1352,1781,2404.00,7.784889296
T24,24,High -,R5,2202,2644,78.50,4.363098625
T24,24,High -,R5,2383,3097,80.50,4.388257184
T24,24,High -,R4,2141,2667,3433.00,8.141189793
T24,24,High -,R4,2078,2337,2050.00,7.625595072
T24,24,High -,R4,1743,2045,2332.00,7.754481547
T24,24,High -,R5,1524,2118,82.10,4.407938016
T24,24,High -,R3,2513,1912,37.30,3.618993327
T24,24,High -,R3,2339,1981,39.90,3.686376324
T24,24,High -,R4,1839,2182,2507.00,7.826842098
T24,24,High -,R4,1918,2571,3244.00,8.084562415
T24,24,High -,R3,2264,2225,44.30,3.790984677
T24,24,High -,R3,2618,2177,54.70,4.001863709
T24,24,High -,R4,1961,2642,3214.00,8.075271546
T24,24,High -,R5,1821,2666,86.80,4.463606622
T24,24,High -,R5,2412,3033,93.40,4.536891345
T24,24,High -,R4,1410,1840,2333.00,7.754910272
T24,24,High -,R4,1533,1977,2708.00,7.903965634
T24,24,High -,R3,2254,2523,52.70,3.964615456
T24,24,High -,R5,1795,2021,89.30,4.492001488
T24,24,High -,R5,2409,3190,81.90,4.405498991
T24,24,High -,R5,2225,2707,56.60,4.036008985
T24,24,High -,R5,1943,2570,114.00,4.736198448
T24,24,High -,R5,2465,2551,57.80,4.056988776
T24,24,High -,R4,1857,2269,2108.00,7.65349491
T24,24,High -,R4,1462,1600,2332.00,7.754481547
T24,24,High -,R4,1902,2247,2582.00,7.856319571
T24,24,High -,R5,1372,2165,59.80,4.091005661
T24,24,High -,R3,2276,2008,37.40,3.621670704
T24,24,High -,R5,2329,2692,59.20,4.080921542
T24,24,High -,R4,1815,2124,2713.00,7.905810313
T24,24,High -,R5,2414,2969,67.20,4.207673248
T24,24,High -,R5,2208,2684,59.00,4.077537444
T24,24,High -,R4,2598,2506,4269.00,8.359134887
T24,24,High -,R5,1930,3068,91.60,4.517431272
T24,24,High -,R4,1930,2568,3342.00,8.114324709
T24,24,High -,R4,1701,2331,2642.00,7.879291485
T24,24,High -,R5,1975,2984,102.00,4.624972813
T24,24,High -,R4,1353,1466,2293.00,7.737616283
T24,24,High -,R5,2613,3488,106.00,4.663439094
T24,24,High -,R4,1946,2463,2133.00,7.665284718
T24,24,High -,R5,2081,2337,528.00,6.269096284
T24,24,High -,R5,2224,2812,75.20,4.320151231
T24,24,High -,R4,1554,2148,1879.00,7.538494999
T24,24,High -,R5,1832,2254,48.40,3.879499814
T24,24,High -,R5,2087,2753,62.10,4.128745989
T24,24,High -,R4,1884,2099,3233.00,8.081165778
T24,24,High -,R5,2254,2554,66.40,4.195697056
T24,24,High -,R4,2159,2422,2256.00,7.721348613
T24,24,High -,R4,2070,2376,3525.00,8.167635715
T24,24,High -,R4,1501,1723,2013.00,7.607381426
T24,24,High -,R5,2317,2780,66.30,4.194189897
T24,24,High -,R4,1800,2429,3460.00,8.149023868
T24,24,High -,R4,1800,2292,2664.00,7.887584032
T24,24,High -,R5,1513,1840,49.00,3.891820298
T24,24,High -,R5,2002,2872,72.50,4.283586562
T24,24,High -,R5,1438,2029,74.10,4.305415532
T24,24,High -,R5,2341,3188,91.60,4.517431272
T24,24,High -,R4,2191,2864,3917.00,8.273081334
T24,24,High -,R4,2104,2418,2148.00,7.672292456
T24,24,High -,R4,2400,2677,1837.00,7.515889085
T24,24,High -,R4,1758,2189,2242.00,7.715123604
T24,24,High -,R4,1596,1977,3167.00,8.060540047
T24,24,High -,R4,1991,2322,3515.00,8.164794804
T24,24,High -,R5,1850,2250,73.40,4.295923936
T24,24,High -,R5,2281,2800,71.40,4.268297869
T24,24,High -,R4,1814,2183,3206.00,8.072779333
T24,24,High -,R4,1925,1858,3160.00,8.058327307
T24,24,High -,R4,1636,2066,2831.00,7.948385285
T24,24,High -,R5,2078,3032,116.00,4.753590191
T24,24,High -,R4,2098,1179,1818.00,7.505492275
T24,24,High -,R4,1936,2361,3250.00,8.086410275
T24,24,High -,R5,2284,2667,74.50,4.310799125
T24,24,High -,R3,2873,2237,41.60,3.728100167
T24,24,High -,R5,1335,1928,51.90,3.94931879
T24,24,High -,R4,1617,2205,1461.00,7.286876412
T24,24,High -,R5,2334,2319,75.70,4.32677816
T24,24,High -,R5,2613,3372,83.00,4.418840608
T24,24,High -,R4,2138,2736,1556.00,7.349873705
T24,24,High -,R5,1581,2359,270.00,5.598421959
T24,24,High -,R3,2286,2452,52.70,3.964615456
T24,24,High -,R4,1619,2016,3094.00,8.037220031
T24,24,High -,R4,2183,2926,3856.00,8.257385656
T24,24,High -,R5,2260,2596,56.80,4.039536326
T24,24,High -,R4,1733,2257,2340.00,7.757906208
T24,24,High -,R5,2024,2088,81.10,4.395682961
T24,24,High -,R4,2391,3167,3862.00,8.258940463
T24,24,High -,R4,1668,1677,3103.00,8.040124664
T24,24,High -,R4,2185,2215,3395.00,8.13005904
T24,24,High -,R5,2368,2693,186.00,5.225746674
T24,24,High -,R4,1462,1967,2801.00,7.937731775
T24,24,High -,R5,2029,2318,66.30,4.194189897
T24,24,High -,R4,2139,2554,2755.00,7.921172722
T24,24,High -,R5,2380,2866,55.70,4.019980147
T24,24,High -,R4,2023,2748,3131.00,8.049107721
T24,24,High -,R4,1710,1600,2796.00,7.935945103
T24,24,High -,R4,2212,2869,3381.00,8.125926803
T24,24,High -,R3,2213,2167,45.00,3.80666249
T24,24,High -,R5,2163,2888,65.40,4.180522258
T24,24,High -,R4,1437,997,2522.00,7.832807517
T24,24,High -,R4,1981,2519,3117.00,8.04462628
T24,24,High -,R4,2415,2912,1866.00,7.531552381
T24,24,High -,R4,2390,2490,4139.00,8.328209492
T24,24,High -,R5,1449,2300,76.20,4.333361463
T24,24,High -,R4,1948,2139,1690.00,7.432483808
T24,24,High -,R5,2841,2798,65.40,4.180522258
T24,24,High -,R4,1453,2152,2781.00,7.930565854
T24,24,High -,R4,1342,1509,2247.00,7.717351272
T24,24,High -,R5,2103,2747,67.00,4.204692619
T24,24,High -,R5,1617,2458,63.20,4.146304301
T24,24,High -,R4,2107,2364,2998.00,8.005700679
T24,24,High -,R4,1782,2412,3169.00,8.06117136
T24,24,High -,R4,1435,1509,2623.00,7.87207398
T24,24,High -,R5,1925,2710,86.30,4.457829598
T24,24,High -,R5,1738,2075,51.10,3.933784497
T24,24,High -,R5,2175,2895,63.50,4.151039906
T24,24,High -,R5,2347,3217,70.50,4.25561271
T24,24,High -,R4,1832,2340,2964.00,7.994294986
T24,24,High +,R2,2258,2836,633.00,6.450470422
T24,24,High +,R4,1552,2018,2790.00,7.933796875
T24,24,High +,R2,2296,3047,668.00,6.504288174
T24,24,High +,R4,1399,1653,2456.00,7.806289289
T24,24,High +,R2,2201,2533,618.00,6.426488457
T24,24,High +,R4,2294,2467,2228.00,7.708859601
T24,24,High +,R4,2317,2725,2923.00,7.980365765
T24,24,High +,R4,1623,1494,2840.00,7.951559331
T24,24,High +,R4,1513,1826,2556.00,7.846198815
T24,24,High +,R4,2303,2878,1100.00,7.003065459
T24,24,High +,R5,2264,2931,137.00,4.919980926
T24,24,High +,R5,2351,2373,411.00,6.018593214
T24,24,High +,R4,1677,1899,2968.00,7.995643604
T24,24,High +,R2,2256,2968,933.00,6.838405201
T24,24,High +,R4,1683,2009,2495.00,7.822044008
T24,24,High +,R4,2472,2926,1951.00,7.576097341
T24,24,High +,R4,1730,2366,2732.00,7.912789221
T24,24,High +,R4,1402,1778,2520.00,7.832014181
T24,24,High +,R4,1790,2285,3212.00,8.074649075
T24,24,High +,R4,1882,2036,2869.00,7.961718816
T24,24,High +,R4,1958,2428,1941.00,7.570958583
T24,24,High +,R4,1782,2187,3331.00,8.111027838
T24,24,High +,R4,1870,2063,3162.00,8.058960018
T24,24,High +,R4,1551,1970,2522.00,7.832807517
T24,24,High +,R2,2119,2738,663.00,6.49677499
T24,24,High +,R4,2139,2791,1942.00,7.571473649
T24,24,High +,R2,1384,1937,462.00,6.135564891
T24,24,High +,R4,1878,2629,3383.00,8.126518169
T24,24,High +,R5,2366,2338,431.00,6.06610809
T24,24,High +,R4,2000,1854,3398.00,8.130942302
T24,24,High +,R4,1691,1824,952.00,6.858565035
T24,24,High +,R4,1763,2188,3284.00,8.096817471
T24,24,High +,R4,1818,2189,3345.00,8.115221973
T24,24,High +,R4,2031,2518,2632.00,7.875499292
T24,24,High +,R2,2188,2845,893.00,6.794586581
T24,24,High +,R4,1697,2040,2708.00,7.903965634
T24,24,High +,R4,1479,2076,2936.00,7.98480339
T24,24,High +,R5,2575,2647,235.00,5.459585514
T24,24,High +,R5,2161,3097,160.00,5.075173815
T24,24,High +,R4,2138,2580,3384.00,8.126813721
T24,24,High +,R4,2370,2564,1226.00,7.111512116
T24,24,High +,R4,1841,1967,3350.00,8.116715625
T24,24,High +,R4,1914,2377,3358.00,8.119100838
T24,24,High +,R4,1494,2077,2375.00,7.772752716
T24,24,High +,R4,1743,2120,2600.00,7.863266724
T24,24,High +,R4,1422,2189,1805.00,7.498315871
T24,24,High +,R4,1961,2440,3229.00,8.079927771
T24,24,High +,R4,2128,2211,3314.00,8.105911198
T24,24,High +,R5,2522,2680,511.00,6.23636959
T24,24,High +,R4,2183,2821,1009.00,6.91671502
T24,24,High +,R4,1731,2237,2627.00,7.87359779
T24,24,High +,R4,1332,1489,2660.00,7.886081402
T24,24,High +,R4,2110,2428,2300.00,7.740664402
T24,24,High +,R4,1911,2240,3348.00,8.116118432
T24,24,High +,R5,2028,2851,501.00,6.216606101
T24,24,High +,R4,2121,2303,4198.00,8.3423635
T24,24,High +,R4,1851,2629,2057.00,7.62900389
T24,24,High +,R4,1811,2700,3595.00,8.18729927
T24,24,High +,R4,1881,2094,2965.00,7.994632311
T24,24,High +,R4,2810,3469,3671.00,8.208219383
T24,24,High +,R4,2101,2379,3918.00,8.273336599
T24,24,High +,R4,1557,1950,2176.00,7.685243608
T24,24,High +,R4,1677,1968,2800.00,7.937374696
T24,24,High +,R2,1795,2179,899.00,6.801283034
T24,24,High +,R2,2302,2941,622.00,6.432940093
T24,24,High +,R2,1400,1915,635.00,6.453624999
T24,24,High +,R4,1519,1714,1456.00,7.283448229
T24,24,High +,R4,2282,2210,2868.00,7.961370202
T24,24,High +,R4,1389,1444,2228.00,7.708859601
T24,24,High +,R4,2347,3181,1056.00,6.962243464
T24,24,High +,R4,1971,2212,3350.00,8.116715625
T24,24,High +,R4,1515,1821,2016.00,7.608870629
T24,24,High +,R4,1834,1609,1892.00,7.54538975
T24,24,High +,R4,1838,2265,3599.00,8.188411308
T24,24,High +,R4,2338,2927,3991.00,8.291797105
T24,24,High +,R5,2757,2713,471.00,6.154858094
T24,24,High +,R4,1849,2049,1375.00,7.22620901
T24,24,High +,R5,2405,2644,252.00,5.529429088
T24,24,High +,R4,1955,2480,3563.00,8.178358166
T24,24,High +,R4,2140,2222,3088.00,8.035278911
T24,24,High +,R4,1873,2012,2996.00,8.005033345
T24,24,High +,R2,2170,2664,841.00,6.73459166
T24,24,High +,R4,1546,1748,2446.00,7.802209316
T24,24,High +,R4,1326,2060,1056.00,6.962243464
T24,24,High +,R4,1685,1992,1915.00,7.557472902
T24,24,High +,R4,2251,2908,1141.00,7.03966035
T24,24,High +,R5,2592,2776,571.00,6.34738921
T24,24,High +,R4,2084,2579,3304.00,8.102889135
T24,24,High +,R2,1910,2697,537.00,6.285998095
T24,24,High +,R4,2176,2737,3454.00,8.147288259
T24,24,High +,R4,2050,2548,3405.00,8.133000219
T24,24,High +,R5,2171,2471,168.00,5.123963979
T24,24,High +,R4,1786,2575,3200.00,8.070906089
T24,24,High +,R4,1978,2646,2138.00,7.667626092
T24,24,High +,R4,1793,2347,2989.00,8.002694162
T24,24,High +,R2,2448,3417,959.00,6.865891075
T24,24,High +,R2,2143,2788,900.00,6.802394763
T24,24,High +,R4,1429,1719,2398.00,7.782390336
T24,24,High +,R4,1731,2112,2834.00,7.94944442
T24,24,High +,R4,1736,1879,2780.00,7.930206207
T24,24,High +,R4,1453,2030,2790.00,7.933796875
T24,24,High +,R5,2270,2919,222.00,5.402677382
T24,24,High +,R4,2293,2363,3552.00,8.175266104
T24,24,High +,R4,1707,2103,2390.00,7.779048645
T24,24,High +,R4,1889,1806,2181.00,7.687538766
T24,24,High +,R4,1825,1823,2679.00,7.89319887
T24,24,High +,R4,2191,2180,2493.00,7.821242084
T24,24,High +,R4,2180,2614,2511.00,7.828436359
T24,24,High +,R4,2268,2998,2622.00,7.871692664
T24,24,High +,R4,2463,3158,2891.00,7.969357742
T24,24,High +,R4,1518,1901,2605.00,7.865187954
T24,24,High +,R4,2106,2655,4078.00,8.313361951
T24,24,High +,R2,1481,1769,693.00,6.541029999
T24,24,High +,R4,1997,2207,3315.00,8.106212903
T24,24,High +,R2,2060,2593,700.00,6.551080335
T24,24,High +,R4,1580,2209,3137.00,8.051022208
T24,24,High +,R4,2164,2369,1570.00,7.358830898
T24,24,High +,R5,2128,2817,274.00,5.613128106
T24,24,Low -,R5,1948,2535,67.30,4.209160237
T24,24,Low -,R3,1916,1920,35.40,3.56671182
T24,24,Low -,R4,2032,2338,985.00,6.892641641
T24,24,Low -,R5,1518,1947,72.50,4.283586562
T24,24,Low -,R5,2286,2966,69.80,4.24563401
T24,24,Low -,R4,1657,1925,2851.00,7.955425089
T24,24,Low -,R5,1709,2464,91.00,4.510859507
T24,24,Low -,R5,1933,2247,58.50,4.069026754
T24,24,Low -,R5,2133,2286,61.40,4.117409835
T24,24,Low -,R5,2084,2909,70.20,4.251348311
T24,24,Low -,R5,1765,2424,69.70,4.244200318
T24,24,Low -,R5,2139,2471,56.60,4.036008985
T24,24,Low -,R5,1608,2254,64.50,4.166665224
T24,24,Low -,R5,2346,2615,72.80,4.287715955
T24,24,Low -,R5,1892,2353,60.10,4.096009842
T24,24,Low -,R3,1889,2303,47.50,3.860729711
T24,24,Low -,R5,2345,2794,61.30,4.115779843
T24,24,Low -,R5,1681,1994,61.40,4.117409835
T24,24,Low -,R5,1968,2170,58.90,4.075841091
T24,24,Low -,R5,2547,3148,78.00,4.356708827
T24,24,Low -,R5,2044,2779,72.10,4.278054044
T24,24,Low -,R2,2193,2893,547.00,6.304448802
T24,24,Low -,R2,1352,1533,27.70,3.321432413
T24,24,Low -,R4,1776,2211,1591.00,7.372118028
T24,24,Low -,R5,1928,2261,239.00,5.476463552
T24,24,Low -,R5,2172,2892,64.90,4.172847624
T24,24,Low -,R5,2142,2574,228.00,5.429345629
T24,24,Low -,R4,1913,2311,1663.00,7.416378479
T24,24,Low -,R5,2585,3742,90.30,4.50313746
T24,24,Low -,R5,2384,3092,80.40,4.387014176
T24,24,Low -,R3,2623,2274,50.00,3.912023005
T24,24,Low -,R3,2344,2270,41.80,3.73289634
T24,24,Low -,R4,2031,2447,2342.00,7.758760544
T24,24,Low -,R5,2667,2397,64.80,4.171305603
T24,24,Low -,R4,2029,2349,1605.00,7.380879036
T24,24,Low -,R5,1980,2692,78.10,4.357990057
T24,24,Low -,R5,2177,2193,423.00,6.047372179
T24,24,Low -,R5,2255,2911,81.20,4.396915247
T24,24,Low -,R4,2440,2513,1054.00,6.960347729
T24,24,Low -,R5,1777,2437,68.80,4.231203745
T24,24,Low -,R5,2323,2622,59.70,4.08933202
T24,24,Low -,R5,2203,2854,67.90,4.218036035
T24,24,Low -,R5,2053,2387,52.90,3.968403339
T24,24,Low -,R5,2058,2544,62.30,4.131961426
T24,24,Low -,R3,1894,2018,39.80,3.683866912
T24,24,Low -,R5,2241,3069,78.90,4.368181228
T24,24,Low -,R4,1603,2243,943.00,6.849066283
T24,24,Low -,R5,2194,2886,61.50,4.119037175
T24,24,Low -,R5,1646,2219,66.20,4.192680463
T24,24,Low -,R3,2426,2064,43.60,3.77505715
T24,24,Low -,R5,1432,1804,65.10,4.175924549
T24,24,Low -,R4,1773,1964,1466.00,7.290292882
T24,24,Low -,R4,1410,2154,951.00,6.857514063
T24,24,Low -,R2,1333,1778,772.00,6.64898455
T24,24,Low -,R5,1706,1526,465.00,6.142037406
T24,24,Low -,R3,1726,1818,31.00,3.433987204
T24,24,Low -,R5,1863,2438,57.90,4.058717385
T24,24,Low -,R2,1680,2013,839.00,6.732210706
T24,24,Low -,R2,2567,2572,734.00,6.598509029
T24,24,Low -,R5,1922,2676,84.90,4.441474093
T24,24,Low -,R5,2020,2494,64.30,4.163559631
T24,24,Low -,R4,2007,2600,1571.00,7.359467638
T24,24,Low -,R4,1722,1937,1074.00,6.979145275
T24,24,Low -,R5,2495,2755,72.40,4.282206299
T24,24,Low -,R5,2042,2822,315.00,5.752572639
T24,24,Low -,R4,1433,1905,1056.00,6.962243464
T24,24,Low -,R5,2291,2527,62.20,4.130355
T24,24,Low -,R4,2009,2314,1023.00,6.930494766
T24,24,Low -,R4,2498,3120,1347.00,7.205635176
T24,24,Low -,R2,2016,2265,826.00,6.716594774
T24,24,Low -,R5,2460,2985,68.70,4.229749199
T24,24,Low -,R5,2311,3010,72.90,4.289088639
T24,24,Low -,R5,2445,3045,71.10,4.264087337
T24,24,Low -,R3,2009,2143,43.40,3.770459441
T24,24,Low -,R4,2459,3052,3490.00,8.157657015
T24,24,Low -,R4,1376,1703,830.00,6.721425701
T24,24,Low -,R5,2049,2783,73.70,4.300002799
T24,24,Low -,R2,1478,2214,680.00,6.522092798
T24,24,Low -,R3,2248,2455,50.00,3.912023005
T24,24,Low -,R3,2355,2512,51.50,3.941581808
T24,24,Low -,R5,1921,2539,61.50,4.119037175
T24,24,Low -,R5,1770,1675,63.80,4.15575319
T24,24,Low -,R4,2315,1798,1756.00,7.470793774
T24,24,Low -,R3,1849,2092,47.20,3.854393893
T24,24,Low -,R5,2249,3085,80.20,4.384523515
T24,24,Low -,R4,1319,1913,951.00,6.857514063
T24,24,Low -,R5,2180,2740,71.40,4.268297869
T24,24,Low -,R5,2022,2424,59.00,4.077537444
T24,24,Low -,R5,2475,3134,93.70,4.540098189
T24,24,Low -,R5,2490,3171,405.00,6.003887067
T24,24,Low -,R5,2753,2612,65.60,4.183575696
T24,24,Low -,R5,1520,2299,317.00,5.758901774
T24,24,Low -,R5,2257,3238,94.00,4.543294782
T24,24,Low -,R5,2324,2677,63.60,4.15261347
T24,24,Low -,R5,2139,2723,132.00,4.882801923
T24,24,Low -,R5,2399,2759,58.70,4.072439727
T24,24,Low -,R5,2698,3630,107.00,4.672828834
T24,24,Low -,R5,2348,3039,73.70,4.300002799
T24,24,Low -,R5,2164,2857,72.20,4.279440046
T24,24,Low -,R5,2504,3494,86.70,4.462453884
T24,24,Low -,R5,2268,2672,55.00,4.007333185
T24,24,Low -,R2,1904,2191,820.00,6.70930434
T24,24,Low -,R5,2098,2765,76.80,4.34120464
T24,24,Low -,R5,2350,2847,67.50,4.212127598
T24,24,Low -,R5,2190,2728,71.40,4.268297869
T24,24,Low -,R5,2744,3298,81.70,4.403054002
T24,24,Low -,R2,1760,2142,574.00,6.352629396
T24,24,Low -,R5,2241,2695,69.50,4.241326753
T24,24,Low -,R2,2068,2023,571.00,6.34738921
T24,24,Low -,R3,1435,1712,31.70,3.456316681
T24,24,Low -,R2,2046,2683,705.00,6.558197803
T24,24,Low -,R5,2384,2960,71.70,4.272490748
T24,24,Low -,R3,1670,1983,33.10,3.499533282
T24,24,Low -,R5,2033,2695,405.00,6.003887067
T24,24,Low -,R3,2107,2359,51.00,3.931825633
T24,24,Low -,R4,2278,2828,2475.00,7.813995675
T24,24,Low -,R5,2034,2636,64.40,4.165113633
T24,24,Low -,R5,2508,3099,73.10,4.291828367
T24,24,Low -,R5,2309,2836,64.40,4.165113633
T24,24,Low -,R5,2055,2294,54.10,3.990834186
T24,24,Low -,R4,1677,1780,1852.00,7.524021415
T24,24,Low -,R5,1840,2047,61.20,4.11414719
T24,24,Low -,R5,2387,3025,77.70,4.352855257
T24,24,Low -,R5,2026,3039,91.00,4.510859507
T24,24,Low -,R5,2385,2732,70.60,4.257030144
T24,24,Low -,R5,1816,2447,67.50,4.212127598
T24,24,Low -,R3,2290,2220,46.70,3.843744165
T24,24,Low -,R5,2039,2990,75.40,4.322807275
T24,24,Low -,R5,2315,2733,61.40,4.117409835
T24,24,Low -,R5,2272,2888,61.70,4.122283931
T24,24,Low -,R4,1586,1512,1062.00,6.967909202
T24,24,Low -,R5,2298,2669,62.30,4.131961426
T24,24,Low -,R2,1800,1722,614.00,6.419994928
T24,24,Low -,R2,2289,2318,644.00,6.467698726
T24,24,Low -,R5,2071,2794,75.00,4.317488114
T24,24,Low -,R5,2304,3195,87.10,4.467056884
T24,24,Low -,R5,1618,2287,67.90,4.218036035
T24,24,Low -,R3,1692,1767,25.50,3.238678452
T24,24,Low -,R3,1960,2465,48.50,3.881563798
T24,24,Low -,R5,2005,2505,57.90,4.058717385
T24,24,Low -,R5,1773,2371,78.30,4.360547603
T24,24,Low -,R5,2302,2928,72.00,4.276666119
T24,24,Low -,R5,2118,2570,62.30,4.131961426
T24,24,Low -,R5,1994,2763,80.30,4.385769621
T24,24,Low -,R5,2352,3028,79.20,4.371976299
T24,24,Low -,R3,2224,2501,46.60,3.841600541
T24,24,Low -,R3,2603,1865,36.20,3.589059119
T24,24,Low -,R3,1523,1963,37.20,3.616308761
T24,24,Low -,R4,1660,2409,2655.00,7.884199934
T24,24,Low -,R5,2545,3202,85.50,4.448516376
T24,24,Low -,R5,1785,2171,63.10,4.14472077
T24,24,Low +,R4,2005,2088,1098.00,7.001245622
T24,24,Low +,R5,1797,1774,279.00,5.631211782
T24,24,Low +,R4,2132,2674,3425.00,8.138856751
T24,24,Low +,R2,2017,2642,608.00,6.410174882
T24,24,Low +,R4,1384,2138,980.00,6.887552572
T24,24,Low +,R4,1881,2303,1612.00,7.385230923
T24,24,Low +,R5,2050,2485,322.00,5.774551546
T24,24,Low +,R5,2128,2706,106.00,4.663439094
T24,24,Low +,R4,1509,1833,1317.00,7.183111702
T24,24,Low +,R2,1879,2457,532.00,6.276643489
T24,24,Low +,R4,1488,2119,1549.00,7.34536484
T24,24,Low +,R5,2358,2215,93.60,4.539030383
T24,24,Low +,R5,2325,2845,349.00,5.855071922
T24,24,Low +,R4,1857,1821,2649.00,7.881937489
T24,24,Low +,R2,2072,2465,543.00,6.29710932
T24,24,Low +,R4,1986,2598,2678.00,7.892825526
T24,24,Low +,R5,2495,2578,65.70,4.185098925
T24,24,Low +,R5,1862,2225,302.00,5.710427017
T24,24,Low +,R4,2121,2271,1462.00,7.28756064
T24,24,Low +,R4,2008,1579,1236.00,7.119635638
T24,24,Low +,R5,2389,3001,65.60,4.183575696
T24,24,Low +,R5,2363,2875,289.00,5.666426688
T24,24,Low +,R4,1886,1945,2069.00,7.634820678
T24,24,Low +,R4,1952,2489,1975.00,7.588323677
T24,24,Low +,R5,2162,2744,213.00,5.361292166
T24,24,Low +,R5,2146,2426,292.00,5.676753802
T24,24,Low +,R2,2064,2393,566.00,6.338594078
T24,24,Low +,R4,1775,1933,1232.00,7.116394144
T24,24,Low +,R2,1461,2132,690.00,6.536691598
T24,24,Low +,R2,2281,1981,885.00,6.785587645
T24,24,Low +,R4,2044,2387,2760.00,7.922985959
T24,24,Low +,R4,2136,2862,1102.00,7.00488199
T24,24,Low +,R5,2235,2750,334.00,5.811140993
T24,24,Low +,R5,1899,2304,375.00,5.926926026
T24,24,Low +,R2,2253,2867,562.00,6.33150185
T24,24,Low +,R5,1949,2106,82.70,4.415219602
T24,24,Low +,R5,2087,2804,305.00,5.720311777
T24,24,Low +,R4,1680,2061,1164.00,7.059617628
T24,24,Low +,R4,2149,2939,3505.00,8.161945799
T24,24,Low +,R2,2344,3173,929.00,6.834108739
T24,24,Low +,R4,2133,2488,2502.00,7.824845691
T24,24,Low +,R4,1943,1838,2351.00,7.762596049
T24,24,Low +,R2,2114,2700,834.00,6.726233402
T24,24,Low +,R5,2159,2639,77.50,4.350277936
T24,24,Low +,R5,2557,2646,569.00,6.343880434
T24,24,Low +,R4,2152,2164,2287.00,7.734996194
T24,24,Low +,R5,2175,2644,352.00,5.863631176
T24,24,Low +,R4,2487,2903,4065.00,8.310169022
T24,24,Low +,R5,2140,2896,470.00,6.152732695
T24,24,Low +,R4,2529,3188,1283.00,7.156956365
T24,24,Low +,R2,2054,2918,733.00,6.597145702
T24,24,Low +,R5,1832,2343,233.00,5.451038454
T24,24,Low +,R4,1600,1757,2255.00,7.720905252
T24,24,Low +,R5,2250,2831,506.00,6.226536669
T24,24,Low +,R5,1563,1804,358.00,5.880532986
T24,24,Low +,R2,2470,2373,643.00,6.466144724
T24,24,Low +,R5,1947,2683,202.00,5.308267697
T24,24,Low +,R4,1968,2853,1429.00,7.264730178
T24,24,Low +,R5,2484,3305,519.00,6.251903883
T24,24,Low +,R2,2184,2734,748.00,6.617402978
T24,24,Low +,R5,2108,3007,198.00,5.288267031
T24,24,Low +,R2,2036,2532,862.00,6.759255271
T24,24,Low +,R2,2829,2703,804.00,6.689599269
T24,24,Low +,R5,1938,2369,410.00,6.01615716
T24,24,Low +,R2,2083,2375,930.00,6.835184586
T24,24,Low +,R4,1909,2490,1354.00,7.210818453
T24,24,Low +,R5,2495,3158,447.00,6.102558595
T24,24,Low +,R5,1998,2420,56.30,4.030694535
T24,24,Low +,R2,1863,2694,557.00,6.32256524
T24,24,Low +,R5,2628,2996,558.00,6.324358962
T24,24,Low +,R4,2227,2814,1140.00,7.038783541
T24,24,Low +,R4,1578,2219,2884.00,7.966933498
T24,24,Low +,R5,1526,1644,169.00,5.129898715
T24,24,Low +,R2,2339,2934,664.00,6.498282149
T24,24,Low +,R4,2075,2649,2123.00,7.660585462
T24,24,Low +,R4,1980,2413,3257.00,8.088561805
T24,24,Low +,R4,1717,2380,2794.00,7.93522954
T24,24,Low +,R5,2104,2197,239.00,5.476463552
T24,24,Low +,R4,1578,1809,1876.00,7.53689713
T24,24,Low +,R5,2616,2993,254.00,5.537334267
T24,24,Low +,R2,1675,2466,865.00,6.762729507
T24,24,Low +,R4,1308,1943,2299.00,7.740229525
T24,24,Low +,R4,2001,2907,1942.00,7.571473649
T24,24,Low +,R4,1294,1990,1582.00,7.366445148
T24,24,Low +,R5,2483,2760,403.00,5.998936562
T24,24,Low +,R5,2345,2969,367.00,5.905361848
T24,24,Low +,R5,2711,2443,416.00,6.03068526
T24,24,Low +,R5,2238,2803,152.00,5.023880521
T24,24,Low +,R5,1842,2530,233.00,5.451038454
T24,24,Low +,R5,2412,2655,70.80,4.259859001
T24,24,Low +,R5,2433,3144,413.00,6.023447593
T24,24,Low +,R5,2031,2609,438.00,6.08221891
T24,24,Low +,R5,2309,2938,197.00,5.283203729
T24,24,Low +,R2,1822,2481,605.00,6.405228458
T24,24,Low +,R4,1700,2677,2429.00,7.795234929
T24,24,Low +,R5,2382,2682,295.00,5.686975356
T24,24,Low +,R2,1875,2185,638.00,6.458338283
T24,24,Low +,R4,1361,2035,2203.00,7.697575347
T24,24,Low +,R5,2230,3022,376.00,5.929589143
T24,24,Low +,R5,2263,2801,505.00,6.224558429
T24,24,Low +,R5,1971,2680,365.00,5.899897354
T24,24,Low +,R5,2317,2715,442.00,6.091309882
T24,24,Low +,R4,2202,3025,3931.00,8.276649125
T24,24,Low +,R5,1624,1875,45.20,3.811097087
T24,24,Low +,R4,1976,2336,3097.00,8.03818918
T24,24,Low +,R4,1804,2233,1292.00,7.163946684
T24,24,Low +,R4,2338,2819,1279.00,7.153833802
T24,24,Low +,R4,1405,1994,951.00,6.857514063
T24,24,Low +,R5,2369,2423,177.00,5.176149733
T24,24,Low +,R4,2074,2819,1498.00,7.311886164
T24,24,Low +,R5,1925,2026,154.00,5.036952602
T24,24,Low +,R2,1890,2838,600.00,6.396929655
T24,24,Low +,R5,2119,2367,243.00,5.493061443
T24,24,Low +,R2,2040,2758,910.00,6.8134446
T24,24,Low +,R4,1659,2106,1769.00,7.478169694
T24,24,Low +,R5,1648,1941,404.00,6.001414878
T24,24,Low +,R4,1862,2458,2821.00,7.944846711
T24,24,Low +,R4,1982,2782,993.00,6.900730664
T24,24,Low +,R4,1321,1562,1477.00,7.297768283
T24,24,Low +,R5,1589,2091,368.00,5.908082938
T24,24,Low +,R4,1800,2144,3281.00,8.095903533
T24,24,Low +,R5,2078,2280,80.30,4.385769621
T24,24,Low +,R4,1897,2140,2860.00,7.958576904
T24,24,Low +,R5,1429,1714,166.00,5.111987788
T24,24,Low +,R4,2540,2688,1118.00,7.019296654
T24,24,Low +,R4,1778,2473,3016.00,8.011686729
T24,24,Low +,R4,1790,2248,1324.00,7.188412736
T24,24,Low +,R5,2457,2782,399.00,5.988961417
T24,24,Low +,R4,1832,2886,2189.00,7.691200098
T24,24,Low +,R4,1797,2375,2511.00,7.828436359
T24,24,Low +,R2,1726,2135,807.00,6.693323668
T24,24,Low +,R2,2233,2943,741.00,6.608000625
T24,24,Low +,R5,1793,2113,315.00,5.752572639
T24,24,Low +,R5,2232,2439,115.00,4.744932128
T24,24,Low +,R2,1877,2323,782.00,6.661854741
T24,24,Low +,R4,1400,1825,2383.00,7.776115477
T24,24,Low +,R4,2469,3227,1202.00,7.091742115
T24,24,Low +,R4,1773,2661,1089.00,6.993015123
T24,24,Low +,R5,2624,2566,189.00,5.241747015
T24,24,Low +,R2,2410,2584,755.00,6.626717749
T24,24,Low +,R2,2185,2661,917.00,6.821107472
T24,24,Low +,R5,2231,2913,200.00,5.298317367
T24,24,Low +,R4,2595,2925,1719.00,7.449498005
T24,24,Low +,R4,2422,2493,1751.00,7.467942332
T24,24,Low +,R2,2080,2868,686.00,6.530877628
T24,24,Low +,R5,2122,2348,88.40,4.48187197
T24,24,Low +,R5,2264,2260,486.00,6.186208624
T24,24,Low +,R5,2208,2313,274.00,5.613128106
T24,24,Low +,R5,2079,2432,287.00,5.659482216
T24,24,Low +,R5,1761,2435,285.00,5.65248918
T24,24,Low +,R5,2200,2699,256.00,5.545177444
T24,24,Low +,R5,2332,2649,219.00,5.38907173
T24,24,Low +,R4,2258,3202,1212.00,7.100027167
T24,24,Low +,R5,1591,2258,334.00,5.811140993
T48,48,High -,R4,2090,2519,4248.00,8.354203563
T48,48,High -,R5,2785,3054,135.00,4.905274778
T48,48,High -,R2,1596,2258,579.00,6.361302478
T48,48,High -,R5,2353,2349,105.00,4.65396035
T48,48,High -,R5,2010,2415,100.00,4.605170186
T48,48,High -,R5,2441,3259,118.00,4.770684624
T48,48,High -,R5,2081,2635,182.00,5.204006687
T48,48,High -,R4,1512,1962,2014.00,7.607878073
T48,48,High -,R5,1850,2394,124.00,4.820281566
T48,48,High -,R4,2080,2282,3998.00,8.293549515
T48,48,High -,R5,1686,1984,138.00,4.927253685
T48,48,High -,R2,1288,1385,2614.00,7.868636894
T48,48,High -,R5,1820,2593,254.00,5.537334267
T48,48,High -,R5,2330,2955,82.70,4.415219602
T48,48,High -,R4,2340,2428,4372.00,8.382975849
T48,48,High -,R4,2334,2820,4455.00,8.40178234
T48,48,High -,R4,1394,2147,2436.00,7.798112629
T48,48,High -,R4,2036,2377,3599.00,8.188411308
T48,48,High -,R5,2024,2603,96.70,4.571613402
T48,48,High -,R5,1257,1953,309.00,5.733341277
T48,48,High -,R4,2537,3147,5179.00,8.552367266
T48,48,High -,R5,2160,2522,385.00,5.953243334
T48,48,High -,R5,2069,2761,385.00,5.953243334
T48,48,High -,R4,1396,2015,2635.00,7.876638461
T48,48,High -,R5,2110,3135,130.00,4.86753445
T48,48,High -,R4,1994,2655,3751.00,8.22977775
T48,48,High -,R4,1305,1892,2603.00,7.864419905
T48,48,High -,R4,2285,2453,2004.00,7.602900462
T48,48,High -,R4,1904,2168,3187.00,8.066835314
T48,48,High -,R4,1668,1864,2307.00,7.743703258
T48,48,High -,R5,2298,2856,74.40,4.309455942
T48,48,High -,R5,1437,1840,94.20,4.545420182
T48,48,High -,R5,2591,3152,108.00,4.682131227
T48,48,High -,R4,1680,1884,2847.00,7.954021087
T48,48,High -,R4,1961,1943,3683.00,8.211482916
T48,48,High -,R4,1680,2157,3168.00,8.060855753
T48,48,High -,R4,2347,3102,4194.00,8.341410211
T48,48,High -,R5,2285,2894,131.00,4.875197323
T48,48,High -,R4,1322,1925,2394.00,7.780720886
T48,48,High -,R4,1757,2203,3312.00,8.105307516
T48,48,High -,R4,2041,2513,3573.00,8.181160858
T48,48,High -,R4,2055,2488,2891.00,7.969357742
T48,48,High -,R4,1701,2249,2095.00,7.647308832
T48,48,High -,R2,2164,2690,772.00,6.64898455
T48,48,High -,R4,1659,2141,2954.00,7.990915463
T48,48,High -,R4,1975,2278,2046.00,7.623641947
T48,48,High -,R4,1656,2592,1079.00,6.983789965
T48,48,High -,R5,1753,2254,70.80,4.259859001
T48,48,High -,R4,1317,2006,2581.00,7.8559322
T48,48,High -,R5,2503,2686,246.00,5.505331536
T48,48,High -,R4,2407,1896,3106.00,8.041091004
T48,48,High -,R4,1830,1793,3118.00,8.04494705
T48,48,High -,R5,2070,1913,54.50,3.998200702
T48,48,High -,R4,1315,2040,2516.00,7.830425618
T48,48,High -,R5,1401,2083,122.00,4.804021045
T48,48,High -,R5,2643,3435,158.00,5.062595033
T48,48,High +,R4,2261,2677,4283.00,8.362408978
T48,48,High +,R4,1951,2582,1263.00,7.141245122
T48,48,High +,R5,2320,2906,253.00,5.533389489
T48,48,High +,R4,1693,2032,2474.00,7.813591553
T48,48,High +,R4,1309,1969,2625.00,7.872836175
T48,48,High +,R4,2083,2650,3018.00,8.012349639
T48,48,High +,R4,1374,1955,1801.00,7.496097345
T48,48,High +,R4,2109,2782,4131.00,8.326274787
T48,48,High +,R4,1575,2160,2872.00,7.96276393
T48,48,High +,R5,2464,3006,518.00,6.249975242
T48,48,High +,R4,1915,1834,3457.00,8.14815644
T48,48,High +,R4,2128,2678,1650.00,7.408530567
T48,48,High +,R4,2078,2092,3367.00,8.121777419
T48,48,High +,R2,2148,2646,780.00,6.65929392
T48,48,High +,R4,1479,2108,2927.00,7.981733287
T48,48,High +,R4,2050,2427,3815.00,8.246695944
T48,48,High +,R4,1305,1733,2464.00,7.809541325
T48,48,High +,R4,2163,2588,3825.00,8.249313746
T48,48,High +,R4,1629,2391,3220.00,8.077136639
T48,48,High +,R4,1388,2118,2727.00,7.910957383
T48,48,High +,R4,1566,2216,2785.00,7.932003152
T48,48,High +,R4,1811,2640,1364.00,7.218176838
T48,48,High +,R4,1413,1731,2054.00,7.62754439
T48,48,High +,R4,2212,2495,4124.00,8.324578845
T48,48,High +,R4,1656,2307,2837.00,7.950502435
T48,48,High +,R2,2020,2160,652.00,6.480044562
T48,48,High +,R5,2696,2970,243.00,5.493061443
T48,48,High +,R4,2319,3131,4626.00,8.439447843
T48,48,High +,R4,1349,1473,2544.00,7.841492924
T48,48,High +,R4,2031,2571,3853.00,8.256607345
T48,48,High +,R4,1927,2561,3278.00,8.094988759
T48,48,High +,R5,2508,2766,134.00,4.8978398
T48,48,High +,R4,2340,2737,4188.00,8.339978572
T48,48,High +,R4,1956,2502,1546.00,7.343426229
T48,48,High +,R4,1984,2538,3741.00,8.227108234
T48,48,High +,R4,1776,2287,3545.00,8.173293439
T48,48,High +,R4,1694,2314,3214.00,8.075271546
T48,48,High +,R4,1556,1878,3036.00,8.018296139
T48,48,High +,R4,1969,2327,2467.00,7.810758117
T48,48,High +,R2,2165,2606,922.00,6.826545224
T48,48,High +,R4,1824,2141,3387.00,8.127699853
T48,48,High +,R4,1803,2200,2385.00,7.776954403
T48,48,High +,R2,1684,1043,17.70,2.87356464
T48,48,High +,R4,2245,1928,3500.00,8.160518247
T48,48,High +,R4,1750,1993,2682.00,7.894318064
T48,48,High +,R2,1239,2411,31.10,3.437207819
T48,48,High +,R3,1359,2656,36.80,3.605497845
T48,48,High +,R4,2298,2441,2643.00,7.879669915
T48,48,High +,R5,1383,1784,158.00,5.062595033
T48,48,High +,R4,1978,2206,3352.00,8.117312462
T48,48,Low -,R4,1630,1889,2459.00,7.807510042
T48,48,Low -,R2,1257,1586,68.90,4.232656178
T48,48,Low -,R4,1724,2362,900.00,6.802394763
T48,48,Low -,R4,2064,2579,3584.00,8.184234774
T48,48,Low -,R5,2233,2495,71.50,4.26969745
T48,48,Low -,R5,1717,2217,89.70,4.496470769
T48,48,Low -,R5,1730,2424,73.50,4.297285406
T48,48,Low -,R5,2256,2876,71.70,4.272490748
T48,48,Low -,R5,2007,2296,64.80,4.171305603
T48,48,Low -,R5,1932,2799,86.20,4.456670178
T48,48,Low -,R5,2135,2442,64.10,4.160444364
T48,48,Low -,R4,2117,2462,2915.00,7.977625099
T48,48,Low -,R5,2271,2979,80.70,4.390738575
T48,48,Low -,R4,1628,1945,3184.00,8.065893547
T48,48,Low -,R5,2250,2854,63.50,4.151039906
T48,48,Low -,R5,1775,2161,56.90,4.041295341
T48,48,Low -,R4,1977,2235,1255.00,7.134890852
T48,48,Low -,R5,2778,3438,109.00,4.691347882
T48,48,Low -,R5,2135,2804,84.70,4.439115602
T48,48,Low -,R5,2365,2769,92.80,4.53044664
T48,48,Low -,R2,1268,1603,1537.00,7.337587744
T48,48,Low -,R4,1668,1851,1586.00,7.368970402
T48,48,Low -,R4,1836,2435,1276.00,7.151485464
T48,48,Low -,R5,2488,2615,63.70,4.154184563
T48,48,Low -,R5,2019,2416,81.10,4.395682961
T48,48,Low -,R5,1398,2144,90.90,4.509760001
T48,48,Low -,R4,1554,1798,1623.00,7.392031568
T48,48,Low -,R4,1702,2278,3404.00,8.13270649
T48,48,Low -,R4,2491,2629,2297.00,7.739359203
T48,48,Low -,R4,1845,2581,1227.00,7.112327445
T48,48,Low -,R5,2164,2987,90.20,4.502029427
T48,48,Low -,R4,2013,2354,3546.00,8.173575487
T48,48,Low -,R5,1549,2021,112.00,4.718498871
T48,48,Low -,R3,2300,2301,52.40,3.958906591
T48,48,Low -,R4,1445,2172,1513.00,7.321849714
T48,48,Low -,R3,2710,2499,54.40,3.996364154
T48,48,Low -,R5,2396,2311,82.20,4.409155302
T48,48,Low -,R5,1504,919,69.30,4.238444906
T48,48,Low -,R5,2239,2477,70.70,4.258445573
T48,48,Low -,R4,1276,1725,1381.00,7.230563153
T48,48,Low -,R5,1528,2239,72.40,4.282206299
T48,48,Low -,R4,1349,1847,2408.00,7.786551806
T48,48,Low -,R5,1834,2015,76.70,4.339901708
T48,48,Low -,R5,1850,2419,74.60,4.312140507
T48,48,Low -,R4,1771,2318,1670.00,7.420578905
T48,48,Low -,R4,1696,1964,2528.00,7.835183755
T48,48,Low -,R5,2198,2871,64.70,4.169761202
T48,48,Low -,R4,2088,2470,1306.00,7.17472431
T48,48,Low -,R4,1773,2232,3424.00,8.138564737
T48,48,Low -,R5,2194,2695,77.40,4.348986781
T48,48,Low -,R5,2131,3065,75.60,4.325456283
T48,48,Low -,R4,1408,1835,2510.00,7.828038032
T48,48,Low -,R5,1953,2543,70.50,4.25561271
T48,48,Low -,R5,2153,2578,54.60,4.000033883
T48,48,Low -,R5,2163,2578,107.00,4.672828834
T48,48,Low -,R5,2195,2374,68.80,4.231203745
T48,48,Low -,R5,2230,2682,68.50,4.226833745
T48,48,Low -,R5,2098,2932,82.60,4.414009681
T48,48,Low -,R5,2024,2759,79.50,4.375757022
T48,48,Low -,R5,2381,3033,87.10,4.467056884
T48,48,Low -,R5,2491,3128,136.00,4.912654886
T48,48,Low -,R3,1637,1598,31.30,3.443618098
T48,48,Low -,R5,2364,3013,230.00,5.438079309
T48,48,Low -,R4,2195,2401,3521.00,8.166500319
T48,48,Low -,R4,1916,2356,1573.00,7.360739903
T48,48,Low -,R4,2242,2679,4014.00,8.297543529
T48,48,Low -,R5,2209,2719,69.40,4.239886868
T48,48,Low -,R5,2183,2967,162.00,5.087596335
T48,48,Low -,R3,1714,1104,19.90,2.990719732
T48,48,Low -,R5,1786,2135,101.00,4.615120517
T48,48,Low -,R3,2132,2178,48.50,3.881563798
T48,48,Low -,R5,1991,2250,49.60,3.903990834
T48,48,Low -,R4,1881,2552,1735.00,7.458762692
T48,48,Low -,R2,1360,1693,21.10,3.04927304
T48,48,Low -,R5,2202,2807,88.80,4.48638665
T48,48,Low -,R5,1450,2154,55.30,4.012772909
T48,48,Low -,R4,1513,1848,1255.00,7.134890852
T48,48,Low -,R4,1783,2141,2692.00,7.898039691
T48,48,Low -,R5,1498,2353,75.80,4.328098293
T48,48,Low -,R5,1641,2438,89.90,4.498697941
T48,48,Low -,R2,1962,2020,733.00,6.597145702
T48,48,Low -,R2,1852,1684,12.40,2.517696473
T48,48,Low -,R5,2306,2601,57.60,4.053522568
T48,48,Low -,R5,2335,2646,59.30,4.082609306
T48,48,Low -,R5,2428,2718,74.30,4.308110952
T48,48,Low -,R5,1932,2432,75.70,4.32677816
T48,48,Low -,R3,2208,2201,46.80,3.845883203
T48,48,Low -,R2,1285,1900,54.60,4.000033883
T48,48,Low -,R5,2169,2189,59.10,4.079230924
T48,48,Low -,R5,2423,3229,83.80,4.428433007
T48,48,Low -,R5,2559,3250,78.90,4.368181228
T48,48,Low -,R5,1906,2720,75.20,4.320151231
T48,48,Low -,R4,1899,1524,2350.00,7.762170607
T48,48,Low -,R3,2517,2590,51.60,3.943521672
T48,48,Low -,R5,2068,2697,67.80,4.216562195
T48,48,Low -,R5,2160,2386,67.40,4.210645018
T48,48,Low -,R4,2067,2569,1876.00,7.53689713
T48,48,Low -,R5,2144,2915,64.10,4.160444364
T48,48,Low -,R5,2328,2662,541.00,6.293419279
T48,48,Low -,R3,2042,1992,51.20,3.935739532
T48,48,Low +,R4,1985,2594,3243.00,8.084254106
T48,48,Low +,R2,2497,3174,693.00,6.541029999
T48,48,Low +,R4,2076,2448,2941.00,7.986504939
T48,48,Low +,R4,1886,2701,1580.00,7.365180126
T48,48,Low +,R2,2211,2345,802.00,6.687108608
T48,48,Low +,R2,2528,3286,616.00,6.423246964
T48,48,Low +,R4,2073,2367,3546.00,8.173575487
T48,48,Low +,R2,1930,2508,570.00,6.345636361
T48,48,Low +,R5,2229,2531,217.00,5.379897354
T48,48,Low +,R4,1451,1648,2462.00,7.808729307
T48,48,Low +,R2,1936,2338,900.00,6.802394763
T48,48,Low +,R4,1517,2042,1195.00,7.085901464
T48,48,Low +,R5,1749,2145,103.00,4.634728988
T48,48,Low +,R2,2399,3117,870.00,6.768493212
T48,48,Low +,R5,1370,2137,447.00,6.102558595
T48,48,Low +,R2,2224,2708,825.00,6.715383386
T48,48,Low +,R2,2515,2398,984.00,6.891625897
T48,48,Low +,R5,2510,2864,374.00,5.924255797
T48,48,Low +,R5,2644,2530,460.00,6.131226489
T48,48,Low +,R4,2099,2765,3762.00,8.23270601
T48,48,Low +,R4,1527,1931,2811.00,7.941295571
T48,48,Low +,R4,1528,2220,2847.00,7.954021087
T48,48,Low +,R2,2021,2466,810.00,6.697034248
T48,48,Low +,R4,1753,2101,3263.00,8.090402297
T48,48,Low +,R5,1788,1822,296.00,5.690359454
T48,48,Low +,R4,1684,2314,1805.00,7.498315871
T48,48,Low +,R2,1832,1659,885.00,6.785587645
T48,48,Low +,R2,1777,2210,765.00,6.639875834
T48,48,Low +,R4,1290,1845,823.00,6.712956201
T48,48,Low +,R4,1491,1938,942.00,6.848005275
T48,48,Low +,R4,2289,3152,3640.00,8.199738961
T48,48,Low +,R5,2318,2602,519.00,6.251903883
T48,48,Low +,R4,1425,1813,2520.00,7.832014181
T48,48,Low +,R4,1552,1649,2461.00,7.80832305
T48,48,Low +,R4,2064,2522,1968.00,7.584773078
T48,48,Low +,R3,2052,1909,24.50,3.198673118
T48,48,Low +,R2,1252,1805,583.00,6.368187186
T48,48,Low +,R4,2269,2596,4073.00,8.312135108
T48,48,Low +,R4,1650,1204,1881.00,7.539558829
T48,48,Low +,R5,2500,3281,474.00,6.161207322
T48,48,Low +,R4,1536,2116,1353.00,7.210079628
T48,48,Low +,R2,1264,1572,649.00,6.475432717
T48,48,Low +,R4,1487,1701,2748.00,7.918628653
T48,48,Low +,R4,2492,2808,4098.00,8.318254329
T48,48,Low +,R4,1968,2308,3600.00,8.188689124
T48,48,Low +,R4,2297,2768,3941.00,8.279189777
T48,48,Low +,R4,2074,2352,2799.00,7.93701749
T48,48,Low +,R5,2183,2440,344.00,5.840641657
T48,48,Low +,R5,1981,2499,489.00,6.192362489
T48,48,Low +,R2,2270,2740,610.00,6.413458957
T48,48,Low +,R2,2254,2366,587.00,6.37502482
T48,48,Low +,R4,1819,1955,1485.00,7.303170051
T48,48,Low +,R4,2211,2559,3318.00,8.107117471
T48,48,Low +,R4,2385,2551,3532.00,8.169619562
T48,48,Low +,R5,1828,2946,310.00,5.736572297
T48,48,Low +,R4,1768,1471,2625.00,7.872836175
T48,48,Low +,R5,2007,2410,246.00,5.505331536
T48,48,Low +,R4,2157,2909,1010.00,6.91770561
T48,48,Low +,R4,2078,2571,1140.00,7.038783541
T48,48,Low +,R4,1639,1937,2841.00,7.951911382
T48,48,Low +,R4,2167,2885,2890.00,7.969011781
T48,48,Low +,R4,1496,2392,1336.00,7.197435354
T48,48,Low +,R4,1534,1892,1777.00,7.482681828
T48,48,Low +,R4,1666,1750,2532.00,7.836764783
T48,48,Low +,R2,2152,3013,933.00,6.838405201
T48,48,Low +,R5,2253,2756,388.00,5.96100534
T48,48,Low +,R5,2211,2667,340.00,5.828945618
T48,48,Low +,R2,1724,2248,624.00,6.436150368
T48,48,Low +,R4,2011,1919,971.00,6.878326468
T48,48,Low +,R4,2219,2923,2515.00,7.830028083
T48,48,Low +,R4,2220,2677,3992.00,8.292047637
T48,48,Low +,R4,1404,2166,2503.00,7.825245291
T48,48,Low +,R2,2302,3133,724.00,6.584791392
T48,48,Low +,R4,1700,2022,2952.00,7.990238186
T48,48,Low +,R4,1740,2491,2748.00,7.918628653
T48,48,Low +,R4,2226,3050,3813.00,8.24617156
T48,48,Low +,R5,2188,2758,185.00,5.220355825
T48,48,Low +,R2,1988,2451,605.00,6.405228458
T48,48,Low +,R4,1621,2321,2156.00,7.676009932
T48,48,Low +,R4,2075,2954,1072.00,6.977281342
