Time,Condition,Gate,TOF,Extinction,Green
T0,High -,R4,1426.00,1725.00,1273.00
T0,High -,R4,1956.00,1999.00,2349.00
T0,High -,R4,1934.00,2331.00,1471.00
T0,High -,R4,1898.00,1952.00,1894.00
T0,High -,R4,2745.00,3114.00,1453.00
T0,High -,R4,2018.00,2620.00,1622.00
T0,High -,R4,1757.00,1712.00,2104.00
T0,High -,R4,2570.00,1962.00,2892.00
T0,High -,R4,2567.00,2333.00,1480.00
T0,High -,R4,2208.00,2514.00,1080.00
T0,High -,R4,2440.00,2722.00,1383.00
T0,High -,R4,1909.00,2419.00,963.00
T0,High -,R4,2003.00,2199.00,1025.00
T0,High -,R4,1765.00,1949.00,1141.00
T0,High -,R4,2020.00,1811.00,2311.00
T0,High -,R4,2267.00,2766.00,1117.00
T0,High -,R4,1700.00,2133.00,1204.00
T0,High -,R4,1933.00,2503.00,1673.00
T0,High -,R4,2298.00,2562.00,2444.00
T0,High -,R4,2184.00,2315.00,1230.00
T0,High -,R4,2422.00,2619.00,2537.00
T0,High -,R4,1930.00,1966.00,1212.00
T0,High -,R4,2173.00,1809.00,2045.00
T0,High -,R4,1879.00,1104.00,1009.00
T0,High -,R4,1911.00,1872.00,2923.00
T0,High -,R4,2314.00,2131.00,1434.00
T0,High -,R4,2285.00,2968.00,2563.00
T0,High -,R4,1636.00,2493.00,1382.00
T0,High -,R4,2391.00,2425.00,1657.00
T0,High -,R4,2329.00,2583.00,1520.00
T0,High -,R4,1975.00,2342.00,1333.00
T0,High -,R4,2263.00,2344.00,1528.00
T0,High -,R4,2400.00,2939.00,1336.00
T0,High -,R4,2645.00,3292.00,1563.00
T0,High -,R4,1968.00,2196.00,2316.00
T0,High -,R4,2822.00,3201.00,1267.00
T0,High -,R4,2171.00,1804.00,2989.00
T0,High -,R4,2445.00,3391.00,2245.00
T0,High -,R4,2547.00,2203.00,1200.00
T0,High -,R4,1728.00,2016.00,1762.00
T0,High -,R4,2378.00,2550.00,1873.00
T0,High -,R4,2572.00,2818.00,2571.00
T0,High -,R4,2217.00,2526.00,3425.00
T0,High -,R4,1887.00,2301.00,1190.00
T0,High -,R4,2459.00,2442.00,1075.00
T0,High -,R4,2145.00,1395.00,1073.00
T0,High -,R4,1930.00,2531.00,3493.00
T0,High -,R4,1410.00,2035.00,1527.00
T0,High -,R4,2133.00,1788.00,2980.00
T0,High -,R4,2271.00,2244.00,2297.00
T0,High -,R4,2439.00,2087.00,1184.00
T0,High -,R4,1298.00,2002.00,873.00
T0,High -,R4,1317.00,1939.00,1876.00
T0,High -,R4,1551.00,1842.00,1075.00
T0,High -,R4,2009.00,1525.00,992.00
T0,High -,R4,1976.00,2947.00,2231.00
T0,High -,R4,1541.00,2225.00,1480.00
T0,High -,R4,2429.00,2220.00,2715.00
T0,High -,R4,2052.00,1786.00,2705.00
T0,High -,R4,1861.00,2191.00,2384.00
T0,High -,R4,2241.00,2118.00,1004.00
T0,High -,R4,2193.00,2493.00,2109.00
T0,High -,R4,1492.00,1734.00,2095.00
T0,High -,R4,2295.00,1858.00,1068.00
T0,High -,R4,1615.00,2178.00,2138.00
T0,High -,R4,2065.00,2685.00,1224.00
T0,High -,R4,2315.00,2059.00,1759.00
T0,High -,R4,2060.00,2751.00,1442.00
T0,High -,R4,2027.00,2478.00,1144.00
T0,High -,R4,2012.00,1952.00,1287.00
T0,High -,R4,1685.00,2005.00,1999.00
T0,High -,R4,1313.00,1965.00,1612.00
T0,High -,R4,1849.00,1731.00,1516.00
T0,High -,R4,2165.00,2068.00,2050.00
T0,High -,R4,2199.00,2266.00,1992.00
T0,High -,R4,1887.00,1949.00,1296.00
T0,High -,R4,2582.00,1932.00,1797.00
T0,High -,R4,2202.00,2594.00,2200.00
T0,High -,R4,2440.00,2506.00,2533.00
T0,High -,R4,2342.00,1882.00,2334.00
T0,High -,R4,2004.00,2291.00,1530.00
T0,High -,R4,2353.00,3122.00,3243.00
T0,High -,R4,1881.00,1298.00,2229.00
T0,High -,R4,2141.00,1670.00,1673.00
T0,High -,R4,1893.00,2214.00,2640.00
T0,High -,R4,1429.00,1938.00,1707.00
T0,High -,R4,2114.00,1958.00,1060.00
T0,High -,R4,1990.00,1755.00,2241.00
T0,High -,R4,1945.00,2918.00,2499.00
T0,High -,R4,2169.00,1720.00,1834.00
T0,High -,R4,1692.00,1595.00,1551.00
T0,High -,R4,1874.00,1958.00,1047.00
T0,High -,R4,2136.00,1759.00,2322.00
T0,High -,R4,2379.00,2143.00,1592.00
T0,High -,R4,2319.00,2355.00,1640.00
T0,High -,R4,1597.00,2008.00,1118.00
T0,High -,R4,1672.00,1874.00,2093.00
T0,High -,R4,1683.00,2002.00,1503.00
T0,High -,R4,2280.00,2098.00,3083.00
T0,High -,R4,2408.00,2686.00,2786.00
T0,High -,R4,1826.00,2511.00,3217.00
T0,High -,R4,1612.00,1564.00,973.00
T0,High -,R4,1770.00,2613.00,3415.00
T0,High -,R4,1322.00,1861.00,1397.00
T0,High -,R4,1603.00,2374.00,1413.00
T0,High -,R4,2429.00,3628.00,1472.00
T0,High -,R4,1545.00,2074.00,1701.00
T0,High -,R4,2140.00,2865.00,2435.00
T0,High -,R4,2741.00,2678.00,2041.00
T0,High -,R4,2179.00,2633.00,2340.00
T0,High -,R4,1716.00,1664.00,994.00
T0,High -,R4,1694.00,1950.00,2422.00
T0,High -,R4,1944.00,1742.00,1075.00
T0,High -,R4,2144.00,2695.00,1966.00
T0,High -,R4,1802.00,1709.00,2806.00
T0,High -,R4,1584.00,1825.00,1172.00
T0,High -,R4,2278.00,1876.00,1329.00
T0,High -,R4,1746.00,2360.00,1612.00
T0,High -,R4,1903.00,2193.00,981.00
T0,High -,R4,2136.00,2774.00,1528.00
T0,High -,R4,2489.00,2715.00,2956.00
T0,High -,R4,2452.00,2188.00,1092.00
T0,High -,R4,2505.00,3029.00,2343.00
T0,High -,R4,2002.00,1932.00,2998.00
T0,High -,R4,2154.00,2088.00,1657.00
T0,High -,R4,2091.00,1816.00,2655.00
T0,High -,R4,1588.00,2051.00,3077.00
T0,High -,R4,2021.00,2488.00,1331.00
T0,High -,R4,1691.00,2306.00,1363.00
T0,High -,R4,1602.00,2086.00,951.00
T0,High -,R4,1913.00,2209.00,2240.00
T0,High -,R4,2644.00,2042.00,2103.00
T0,High -,R4,2143.00,2240.00,1598.00
T0,High -,R4,1826.00,1922.00,1575.00
T0,High -,R4,2278.00,2739.00,1033.00
T0,High -,R4,2329.00,2734.00,2874.00
T0,High -,R4,1554.00,2024.00,1292.00
T0,High -,R4,2163.00,1601.00,2340.00
T0,High -,R4,1934.00,2426.00,2975.00
T0,High -,R4,1586.00,1989.00,1409.00
T0,High -,R4,1851.00,2054.00,2314.00
T0,High -,R4,2677.00,3496.00,3804.00
T0,High -,R4,1997.00,2959.00,1995.00
T0,High -,R4,1779.00,1638.00,2625.00
T0,High -,R4,2578.00,3707.00,2699.00
T0,High -,R4,1624.00,2456.00,965.00
T0,High -,R4,2335.00,2117.00,2194.00
T0,High -,R4,2133.00,3096.00,2555.00
T0,High -,R4,1305.00,2066.00,1051.00
T0,High -,R4,1883.00,1918.00,1366.00
T0,High -,R4,2395.00,2546.00,1405.00
T0,High -,R4,2084.00,3069.00,1083.00
T0,High -,R4,2269.00,3200.00,1010.00
T0,High -,R4,2187.00,2511.00,1822.00
T0,High -,R4,1785.00,2131.00,2407.00
T0,High -,R4,1819.00,1982.00,2881.00
T0,High -,R4,2558.00,3768.00,1117.00
T0,High -,R4,2070.00,2196.00,2274.00
T0,High -,R4,1712.00,1870.00,2085.00
T0,High -,R4,2632.00,2927.00,2519.00
T0,High -,R4,1882.00,2659.00,2774.00
T0,High -,R4,1883.00,1733.00,1636.00
T0,High -,R4,1858.00,2459.00,1260.00
T0,High -,R4,2739.00,3310.00,2674.00
T0,High -,R4,1917.00,2927.00,1421.00
T0,High -,R4,2395.00,2084.00,1863.00
T0,High -,R4,2145.00,1985.00,1075.00
T0,High -,R4,2226.00,3009.00,2458.00
T0,High -,R4,2669.00,3165.00,3246.00
T0,High -,R4,1617.00,2433.00,1651.00
T0,High -,R4,1785.00,2001.00,2803.00
T0,High -,R4,1800.00,1796.00,1277.00
T0,High -,R4,1654.00,1503.00,2475.00
T0,High -,R4,1983.00,2346.00,961.00
T0,High -,R4,1870.00,2397.00,1824.00
T0,High -,R4,2182.00,3239.00,2288.00
T0,High -,R4,2069.00,2749.00,1620.00
T0,High -,R4,1491.00,1917.00,1313.00
T0,High -,R4,2372.00,2655.00,1123.00
T0,High -,R4,1766.00,2521.00,1211.00
T0,High -,R4,2176.00,2090.00,1755.00
T0,High -,R4,1855.00,1562.00,2027.00
T0,High -,R4,1958.00,2506.00,3339.00
T0,High -,R4,1787.00,2416.00,1082.00
T0,High -,R4,2063.00,2742.00,1414.00
T0,High -,R4,2081.00,2144.00,1071.00
T0,High -,R4,2027.00,1987.00,2194.00
T0,High -,R4,1686.00,1475.00,1287.00
T0,High -,R4,2161.00,2160.00,1273.00
T0,High -,R4,2004.00,1926.00,1090.00
T0,High -,R4,1879.00,2114.00,2722.00
T0,High -,R4,2086.00,2393.00,2348.00
T0,High -,R4,2411.00,3247.00,2004.00
T0,High -,R4,2652.00,2348.00,2998.00
T0,High -,R4,1935.00,2885.00,2202.00
T0,High -,R4,2588.00,2576.00,2242.00
T0,High -,R4,2308.00,1732.00,2214.00
T0,High -,R4,2175.00,3189.00,1213.00
T0,High -,R4,1974.00,2437.00,1537.00
T0,High -,R4,2006.00,2998.00,2038.00
T0,High -,R4,1972.00,2157.00,1311.00
T0,High -,R4,1923.00,1737.00,1258.00
T0,High -,R4,1742.00,1787.00,2452.00
T0,High -,R4,2609.00,2913.00,1470.00
T0,High -,R4,2440.00,1815.00,2445.00
T0,High -,R4,2372.00,3017.00,2048.00
T0,High -,R4,1882.00,1782.00,2201.00
T0,High -,R4,2165.00,2279.00,2018.00
T0,High -,R4,2370.00,2324.00,1383.00
T0,High -,R4,2197.00,1799.00,1813.00
T0,High -,R4,1880.00,1960.00,950.00
T0,High -,R4,1628.00,2591.00,1026.00
T0,High -,R4,1823.00,1863.00,1588.00
T0,High -,R4,1753.00,2542.00,1147.00
T0,High -,R4,1898.00,2145.00,1954.00
T0,High -,R4,1488.00,1910.00,1862.00
T0,High -,R4,2148.00,2218.00,1997.00
T0,High -,R4,2067.00,3012.00,1089.00
T0,High -,R4,2633.00,3532.00,1197.00
T0,High -,R4,1890.00,2132.00,1264.00
T0,High -,R4,1973.00,2129.00,1865.00
T0,High -,R4,2184.00,3119.00,1398.00
T0,High -,R4,1679.00,2456.00,1360.00
T0,High -,R4,1677.00,1929.00,1345.00
T0,High -,R4,2214.00,2484.00,1123.00
T0,High -,R4,2237.00,1693.00,2473.00
T0,High -,R4,2206.00,2545.00,1141.00
T0,High -,R4,2400.00,2229.00,1206.00
T0,High -,R4,1946.00,2587.00,2668.00
T0,High -,R4,2197.00,2434.00,1478.00
T0,High -,R4,1705.00,2060.00,1315.00
T0,High -,R4,2059.00,1225.00,995.00
T0,High -,R4,2163.00,2057.00,1211.00
T0,High -,R4,2374.00,3349.00,1549.00
T0,High -,R4,1896.00,1499.00,1167.00
T0,High -,R4,2231.00,2639.00,2176.00
T0,High -,R4,2287.00,2769.00,2529.00
T0,High -,R4,1742.00,1618.00,1590.00
T0,High -,R4,1778.00,1929.00,1828.00
T0,High -,R4,1629.00,1639.00,1267.00
T0,High -,R4,1759.00,2075.00,1162.00
T0,High -,R4,1952.00,1973.00,974.00
T0,High -,R4,2145.00,2009.00,1636.00
T0,High -,R4,1982.00,2514.00,3137.00
T0,High -,R4,1628.00,2241.00,2635.00
T0,High -,R4,2371.00,1864.00,2520.00
T0,High -,R4,1715.00,2076.00,947.00
T0,High -,R4,1948.00,1948.00,1564.00
T0,High -,R4,2423.00,3011.00,3214.00
T0,High -,R4,1930.00,2471.00,3820.00
T0,High -,R4,2051.00,1697.00,2652.00
T0,High -,R4,1963.00,2626.00,1567.00
T0,High -,R4,2547.00,3713.00,1977.00
T0,High -,R4,1859.00,2708.00,3080.00
T0,High -,R4,1864.00,2045.00,2470.00
T0,High -,R4,1961.00,2506.00,1264.00
T0,High -,R4,1882.00,2448.00,3108.00
T0,High -,R4,1965.00,1607.00,1008.00
T0,High -,R4,2080.00,1980.00,1914.00
T0,High -,R4,1903.00,2475.00,1070.00
T0,High -,R4,1327.00,1631.00,1165.00
T0,High -,R4,1807.00,1842.00,2249.00
T0,High -,R4,2182.00,1805.00,1190.00
T0,High -,R4,2167.00,2211.00,1363.00
T0,High -,R4,1563.00,1818.00,2893.00
T0,High -,R4,2286.00,3090.00,1893.00
T0,High -,R4,1567.00,1827.00,2195.00
T0,High -,R4,2036.00,1882.00,1131.00
T0,High -,R4,1450.00,1489.00,1733.00
T0,High -,R4,1768.00,2365.00,1376.00
T0,High -,R4,2431.00,3060.00,2042.00
T0,High -,R4,2301.00,2490.00,1882.00
T0,High -,R4,2067.00,2480.00,2922.00
T0,High -,R4,1387.00,2034.00,1342.00
T0,High -,R4,1579.00,1925.00,870.00
T0,High -,R4,2017.00,1574.00,1831.00
T0,High -,R4,1737.00,1513.00,1166.00
T0,High -,R4,2274.00,1380.00,1454.00
T0,High -,R4,1864.00,1876.00,1131.00
T0,High -,R4,1927.00,2546.00,1067.00
T0,High -,R4,2283.00,3174.00,1041.00
T0,High -,R4,2031.00,2381.00,2132.00
T0,High -,R4,1999.00,2161.00,1430.00
T0,High -,R4,1989.00,2726.00,3458.00
T0,High -,R4,2213.00,2628.00,1923.00
T0,High -,R4,1765.00,2156.00,1021.00
T0,High -,R4,2025.00,2258.00,2038.00
T0,High -,R4,2378.00,2592.00,2811.00
T0,High -,R4,1669.00,1515.00,1225.00
T0,High -,R4,2667.00,2581.00,2262.00
T0,High -,R4,2127.00,2190.00,3382.00
T0,High -,R4,2448.00,2686.00,2725.00
T0,High -,R4,1952.00,2314.00,1220.00
T0,High -,R4,2145.00,2060.00,1714.00
T0,High -,R4,1474.00,2058.00,1508.00
T0,High -,R4,2118.00,2885.00,1792.00
T0,High -,R4,2442.00,2450.00,1322.00
T0,High -,R4,1906.00,2560.00,2420.00
T0,High -,R4,1865.00,1558.00,1982.00
T0,High -,R4,2189.00,2750.00,2457.00
T0,High -,R4,2230.00,1972.00,1939.00
T0,High -,R4,1986.00,2307.00,2031.00
T0,High -,R4,1619.00,2500.00,1195.00
T0,High -,R4,2008.00,1833.00,1774.00
T0,High -,R4,1974.00,1840.00,1833.00
T0,High -,R4,2753.00,3190.00,1262.00
T0,High -,R4,2526.00,2666.00,2278.00
T0,High -,R4,1788.00,2033.00,2704.00
T0,High -,R4,2055.00,1891.00,1725.00
T0,High -,R4,2016.00,2132.00,1364.00
T0,High -,R4,1943.00,2757.00,1453.00
T0,High -,R4,1695.00,2228.00,1031.00
T0,High -,R4,2420.00,2214.00,2004.00
T0,High -,R4,2092.00,3188.00,1432.00
T0,High -,R4,1577.00,1970.00,2608.00
T0,High -,R4,1694.00,1602.00,1028.00
T0,High -,R4,1970.00,2585.00,1750.00
T0,High -,R4,1619.00,2034.00,1926.00
T0,High -,R4,2231.00,2571.00,1200.00
T0,High -,R4,1735.00,1952.00,932.00
T0,High -,R4,2353.00,2351.00,2955.00
T0,High -,R4,1706.00,2107.00,1375.00
T0,High -,R4,1755.00,2003.00,1160.00
T0,High -,R4,2534.00,3767.00,1344.00
T0,High -,R4,2749.00,2228.00,1439.00
T0,High -,R4,2126.00,2248.00,1502.00
T0,High -,R4,1811.00,1330.00,2255.00
T0,High -,R4,1592.00,2219.00,2824.00
T0,High -,R4,1891.00,2276.00,1092.00
T0,High -,R4,1869.00,2290.00,1160.00
T0,High -,R4,1907.00,1895.00,918.00
T0,High -,R4,1981.00,1628.00,1669.00
T0,High -,R4,1625.00,1445.00,1349.00
T0,High -,R4,2027.00,2079.00,993.00
T0,High -,R4,2468.00,2318.00,2255.00
T0,High -,R4,1386.00,1721.00,927.00
T0,High -,R4,2095.00,2179.00,1552.00
T0,High -,R4,2011.00,2570.00,2968.00
T0,High -,R4,1974.00,2074.00,2101.00
T0,High -,R4,2743.00,2900.00,3864.00
T0,High -,R4,2339.00,2425.00,1241.00
T0,High -,R4,1936.00,2065.00,1183.00
T0,High -,R4,2163.00,2481.00,2779.00
T0,High -,R4,1992.00,2508.00,3332.00
T0,High -,R4,2521.00,3661.00,1624.00
T0,High -,R4,1945.00,1870.00,3174.00
T24,High -,R4,1880.00,2057.00,2549.00
T24,High -,R4,1525.00,1808.00,1910.00
T24,High -,R4,1722.00,2590.00,3245.00
T24,High -,R4,1684.00,1961.00,2323.00
T24,High -,R5,2044.00,2400.00,82.30
T24,High -,R4,1729.00,1945.00,2677.00
T24,High -,R4,2289.00,2859.00,3266.00
T24,High -,R5,2232.00,2445.00,60.90
T24,High -,R5,1685.00,2429.00,259.00
T24,High -,R4,1784.00,1981.00,2885.00
T24,High -,R5,1841.00,2571.00,158.00
T24,High -,R4,1641.00,2017.00,1494.00
T24,High -,R4,1886.00,2311.00,2255.00
T24,High -,R4,2277.00,2761.00,3881.00
T24,High -,R2,2369.00,2942.00,862.00
T24,High -,R5,1318.00,1998.00,54.30
T24,High -,R4,1460.00,2040.00,1001.00
T24,High -,R4,1716.00,2305.00,2941.00
T24,High -,R4,1909.00,2330.00,2755.00
T24,High -,R2,2033.00,2531.00,903.00
T24,High -,R4,2201.00,2092.00,3508.00
T24,High -,R4,2206.00,2308.00,1604.00
T24,High -,R5,2343.00,3339.00,98.10
T24,High -,R4,1840.00,2081.00,3014.00
T24,High -,R4,1903.00,2740.00,3401.00
T24,High -,R4,2320.00,3031.00,3713.00
T24,High -,R4,1604.00,2277.00,3119.00
T24,High -,R4,1521.00,1572.00,2758.00
T24,High -,R4,1685.00,2191.00,2498.00
T24,High -,R4,1616.00,1908.00,2119.00
T24,High -,R4,2023.00,2591.00,3192.00
T24,High -,R4,1808.00,2128.00,3310.00
T24,High -,R4,1475.00,1831.00,2454.00
T24,High -,R4,2366.00,3202.00,3980.00
T24,High -,R5,2030.00,2295.00,56.70
T24,High -,R4,1678.00,2226.00,2778.00
T24,High -,R4,1655.00,2011.00,2809.00
T24,High -,R3,2235.00,1914.00,43.50
T24,High -,R4,2275.00,2632.00,1475.00
T24,High -,R4,1731.00,2157.00,2631.00
T24,High -,R4,1717.00,2214.00,1653.00
T24,High -,R4,1854.00,2207.00,2744.00
T24,High -,R4,2084.00,2703.00,2888.00
T24,High -,R5,2146.00,2801.00,70.00
T24,High -,R4,1943.00,2330.00,3131.00
T24,High -,R4,1789.00,2335.00,3046.00
T24,High -,R5,1577.00,2087.00,73.30
T24,High -,R5,2498.00,3216.00,102.00
T24,High -,R4,1505.00,1822.00,2581.00
T24,High -,R4,2169.00,2648.00,2998.00
T24,High -,R4,1752.00,2295.00,2425.00
T24,High -,R4,1740.00,1974.00,2361.00
T24,High -,R5,1684.00,2529.00,99.80
T24,High -,R4,1870.00,1968.00,2237.00
T24,High -,R4,1810.00,1923.00,2000.00
T24,High -,R5,1761.00,2346.00,77.50
T24,High -,R5,1360.00,1971.00,78.90
T24,High -,R5,2187.00,3257.00,93.50
T24,High -,R4,2251.00,2723.00,3590.00
T24,High -,R5,1965.00,2614.00,82.70
T24,High -,R4,1566.00,2276.00,2639.00
T24,High -,R4,1919.00,2284.00,3350.00
T24,High -,R5,2620.00,2395.00,117.00
T24,High -,R4,2010.00,2030.00,2096.00
T24,High -,R4,1522.00,1835.00,1972.00
T24,High -,R5,1984.00,2553.00,80.30
T24,High -,R2,1730.00,2274.00,786.00
T24,High -,R4,2058.00,2422.00,2612.00
T24,High -,R4,2483.00,1789.00,3692.00
T24,High -,R4,1671.00,1861.00,2736.00
T24,High -,R4,1363.00,2063.00,2762.00
T24,High -,R4,1335.00,1862.00,2486.00
T24,High -,R4,1562.00,2261.00,2124.00
T24,High -,R5,2697.00,3478.00,92.50
T24,High -,R4,2328.00,2506.00,3692.00
T24,High -,R4,1741.00,1987.00,2505.00
T24,High -,R5,2533.00,3301.00,89.00
T24,High -,R4,1804.00,2064.00,2863.00
T24,High -,R4,1862.00,2582.00,3619.00
T24,High -,R5,1964.00,2189.00,57.50
T24,High -,R4,1385.00,1644.00,2597.00
T24,High -,R5,1782.00,2325.00,112.00
T24,High -,R5,2020.00,1664.00,57.00
T24,High -,R5,2270.00,2624.00,63.10
T24,High -,R4,1562.00,2068.00,2738.00
T24,High -,R4,1885.00,2333.00,2935.00
T24,High -,R4,2180.00,2116.00,2945.00
T24,High -,R4,2195.00,2630.00,3060.00
T24,High -,R5,1330.00,2029.00,82.40
T24,High -,R4,1769.00,2271.00,2694.00
T24,High -,R4,1818.00,2174.00,2481.00
T24,High -,R4,1722.00,2429.00,2969.00
T24,High -,R4,1704.00,2286.00,2913.00
T24,High -,R5,1917.00,2174.00,95.20
T24,High -,R5,1980.00,2587.00,93.00
T24,High -,R4,1697.00,2200.00,2116.00
T24,High -,R3,1922.00,1862.00,44.90
T24,High -,R4,1841.00,1907.00,2188.00
T24,High -,R4,2003.00,2485.00,3241.00
T24,High -,R5,1922.00,2635.00,60.10
T24,High -,R5,1598.00,2362.00,83.60
T24,High -,R4,2403.00,2963.00,1311.00
T24,High -,R4,1960.00,2221.00,1948.00
T24,High -,R5,1742.00,2660.00,82.50
T24,High -,R4,1621.00,1788.00,2357.00
T24,High -,R4,1866.00,2215.00,2403.00
T24,High -,R4,2103.00,2521.00,2138.00
T24,High -,R5,1741.00,2256.00,71.30
T24,High -,R4,1632.00,1609.00,2325.00
T24,High -,R4,1548.00,2100.00,1729.00
T24,High -,R4,1430.00,1501.00,2015.00
T24,High -,R4,1473.00,1875.00,2608.00
T24,High -,R4,1359.00,1976.00,1783.00
T24,High -,R2,2337.00,2287.00,708.00
T24,High -,R4,2379.00,2785.00,4276.00
T24,High -,R4,2253.00,2919.00,1485.00
T24,High -,R4,1615.00,2248.00,2856.00
T48,High -,R4,1375.00,1467.00,2327.00
T48,High -,R5,2267.00,3005.00,262.00
T48,High -,R4,2012.00,2964.00,3879.00
T48,High -,R4,2429.00,2613.00,3255.00
T48,High -,R4,1873.00,2292.00,3387.00
T48,High -,R4,1306.00,1898.00,2438.00
T48,High -,R4,1936.00,2488.00,1907.00
T48,High -,R4,2177.00,2626.00,3976.00
T48,High -,R4,1932.00,2334.00,3710.00
T48,High -,R5,2378.00,2664.00,158.00
T48,High -,R5,2469.00,2739.00,81.40
T48,High -,R4,1971.00,2520.00,3488.00
T48,High -,R5,1676.00,2221.00,327.00
T48,High -,R4,2289.00,2909.00,4235.00
T48,High -,R4,1684.00,1873.00,2959.00
T48,High -,R2,1872.00,1920.00,782.00
T48,High -,R4,2212.00,2471.00,3642.00
T48,High -,R4,1865.00,2252.00,2548.00
T48,High -,R4,1732.00,2220.00,2432.00
T48,High -,R4,2141.00,2612.00,2495.00
T48,High -,R4,1432.00,1938.00,1284.00
T48,High -,R4,1407.00,1625.00,2425.00
T48,High -,R4,1673.00,2262.00,3363.00
T48,High -,R4,1401.00,1765.00,2077.00
T48,High -,R4,1925.00,2656.00,3486.00
T48,High -,R4,2292.00,2962.00,4577.00
T48,High -,R5,2264.00,2682.00,267.00
T48,High -,R5,2224.00,2392.00,87.10
T48,High -,R4,1425.00,1627.00,2822.00
T48,High -,R4,2356.00,2688.00,4570.00
T48,High -,R4,1674.00,2384.00,3210.00
T48,High -,R4,2347.00,3059.00,4373.00
T48,High -,R5,1918.00,2358.00,308.00
T48,High -,R4,2447.00,3185.00,4382.00
T48,High -,R4,2100.00,2631.00,4195.00
T48,High -,R5,1713.00,1883.00,88.60
T48,High -,R4,1763.00,2112.00,2646.00
T48,High -,R4,1717.00,2199.00,3171.00
T48,High -,R4,2063.00,2536.00,2403.00
T48,High -,R4,2129.00,2602.00,3369.00
T48,High -,R4,1830.00,2065.00,2904.00
T0,High +,R4,1426.00,1725.00,1273.00
T0,High +,R4,1956.00,1999.00,2349.00
T0,High +,R4,1934.00,2331.00,1471.00
T0,High +,R4,1898.00,1952.00,1894.00
T0,High +,R4,2745.00,3114.00,1453.00
T0,High +,R4,2018.00,2620.00,1622.00
T0,High +,R4,1757.00,1712.00,2104.00
T0,High +,R4,2570.00,1962.00,2892.00
T0,High +,R4,2567.00,2333.00,1480.00
T0,High +,R4,2208.00,2514.00,1080.00
T0,High +,R4,2440.00,2722.00,1383.00
T0,High +,R4,1909.00,2419.00,963.00
T0,High +,R4,2003.00,2199.00,1025.00
T0,High +,R4,1765.00,1949.00,1141.00
T0,High +,R4,2020.00,1811.00,2311.00
T0,High +,R4,2267.00,2766.00,1117.00
T0,High +,R4,1700.00,2133.00,1204.00
T0,High +,R4,1933.00,2503.00,1673.00
T0,High +,R4,2298.00,2562.00,2444.00
T0,High +,R4,2184.00,2315.00,1230.00
T0,High +,R4,2422.00,2619.00,2537.00
T0,High +,R4,1930.00,1966.00,1212.00
T0,High +,R4,2173.00,1809.00,2045.00
T0,High +,R4,1879.00,1104.00,1009.00
T0,High +,R4,1911.00,1872.00,2923.00
T0,High +,R4,2314.00,2131.00,1434.00
T0,High +,R4,2285.00,2968.00,2563.00
T0,High +,R4,1636.00,2493.00,1382.00
T0,High +,R4,2391.00,2425.00,1657.00
T0,High +,R4,2329.00,2583.00,1520.00
T0,High +,R4,1975.00,2342.00,1333.00
T0,High +,R4,2263.00,2344.00,1528.00
T0,High +,R4,2400.00,2939.00,1336.00
T0,High +,R4,2645.00,3292.00,1563.00
T0,High +,R4,1968.00,2196.00,2316.00
T0,High +,R4,2822.00,3201.00,1267.00
T0,High +,R4,2171.00,1804.00,2989.00
T0,High +,R4,2445.00,3391.00,2245.00
T0,High +,R4,2547.00,2203.00,1200.00
T0,High +,R4,1728.00,2016.00,1762.00
T0,High +,R4,2378.00,2550.00,1873.00
T0,High +,R4,2572.00,2818.00,2571.00
T0,High +,R4,2217.00,2526.00,3425.00
T0,High +,R4,1887.00,2301.00,1190.00
T0,High +,R4,2459.00,2442.00,1075.00
T0,High +,R4,2145.00,1395.00,1073.00
T0,High +,R4,1930.00,2531.00,3493.00
T0,High +,R4,1410.00,2035.00,1527.00
T0,High +,R4,2133.00,1788.00,2980.00
T0,High +,R4,2271.00,2244.00,2297.00
T0,High +,R4,2439.00,2087.00,1184.00
T0,High +,R4,1298.00,2002.00,873.00
T0,High +,R4,1317.00,1939.00,1876.00
T0,High +,R4,1551.00,1842.00,1075.00
T0,High +,R4,2009.00,1525.00,992.00
T0,High +,R4,1976.00,2947.00,2231.00
T0,High +,R4,1541.00,2225.00,1480.00
T0,High +,R4,2429.00,2220.00,2715.00
T0,High +,R4,2052.00,1786.00,2705.00
T0,High +,R4,1861.00,2191.00,2384.00
T0,High +,R4,2241.00,2118.00,1004.00
T0,High +,R4,2193.00,2493.00,2109.00
T0,High +,R4,1492.00,1734.00,2095.00
T0,High +,R4,2295.00,1858.00,1068.00
T0,High +,R4,1615.00,2178.00,2138.00
T0,High +,R4,2065.00,2685.00,1224.00
T0,High +,R4,2315.00,2059.00,1759.00
T0,High +,R4,2060.00,2751.00,1442.00
T0,High +,R4,2027.00,2478.00,1144.00
T0,High +,R4,2012.00,1952.00,1287.00
T0,High +,R4,1685.00,2005.00,1999.00
T0,High +,R4,1313.00,1965.00,1612.00
T0,High +,R4,1849.00,1731.00,1516.00
T0,High +,R4,2165.00,2068.00,2050.00
T0,High +,R4,2199.00,2266.00,1992.00
T0,High +,R4,1887.00,1949.00,1296.00
T0,High +,R4,2582.00,1932.00,1797.00
T0,High +,R4,2202.00,2594.00,2200.00
T0,High +,R4,2440.00,2506.00,2533.00
T0,High +,R4,2342.00,1882.00,2334.00
T0,High +,R4,2004.00,2291.00,1530.00
T0,High +,R4,2353.00,3122.00,3243.00
T0,High +,R4,1881.00,1298.00,2229.00
T0,High +,R4,2141.00,1670.00,1673.00
T0,High +,R4,1893.00,2214.00,2640.00
T0,High +,R4,1429.00,1938.00,1707.00
T0,High +,R4,2114.00,1958.00,1060.00
T0,High +,R4,1990.00,1755.00,2241.00
T0,High +,R4,1945.00,2918.00,2499.00
T0,High +,R4,2169.00,1720.00,1834.00
T0,High +,R4,1692.00,1595.00,1551.00
T0,High +,R4,1874.00,1958.00,1047.00
T0,High +,R4,2136.00,1759.00,2322.00
T0,High +,R4,2379.00,2143.00,1592.00
T0,High +,R4,2319.00,2355.00,1640.00
T0,High +,R4,1597.00,2008.00,1118.00
T0,High +,R4,1672.00,1874.00,2093.00
T0,High +,R4,1683.00,2002.00,1503.00
T0,High +,R4,2280.00,2098.00,3083.00
T0,High +,R4,2408.00,2686.00,2786.00
T0,High +,R4,1826.00,2511.00,3217.00
T0,High +,R4,1612.00,1564.00,973.00
T0,High +,R4,1770.00,2613.00,3415.00
T0,High +,R4,1322.00,1861.00,1397.00
T0,High +,R4,1603.00,2374.00,1413.00
T0,High +,R4,2429.00,3628.00,1472.00
T0,High +,R4,1545.00,2074.00,1701.00
T0,High +,R4,2140.00,2865.00,2435.00
T0,High +,R4,2741.00,2678.00,2041.00
T0,High +,R4,2179.00,2633.00,2340.00
T0,High +,R4,1716.00,1664.00,994.00
T0,High +,R4,1694.00,1950.00,2422.00
T0,High +,R4,1944.00,1742.00,1075.00
T0,High +,R4,2144.00,2695.00,1966.00
T0,High +,R4,1802.00,1709.00,2806.00
T0,High +,R4,1584.00,1825.00,1172.00
T0,High +,R4,2278.00,1876.00,1329.00
T0,High +,R4,1746.00,2360.00,1612.00
T0,High +,R4,1903.00,2193.00,981.00
T0,High +,R4,2136.00,2774.00,1528.00
T0,High +,R4,2489.00,2715.00,2956.00
T0,High +,R4,2452.00,2188.00,1092.00
T0,High +,R4,2505.00,3029.00,2343.00
T0,High +,R4,2002.00,1932.00,2998.00
T0,High +,R4,2154.00,2088.00,1657.00
T0,High +,R4,2091.00,1816.00,2655.00
T0,High +,R4,1588.00,2051.00,3077.00
T0,High +,R4,2021.00,2488.00,1331.00
T0,High +,R4,1691.00,2306.00,1363.00
T0,High +,R4,1602.00,2086.00,951.00
T0,High +,R4,1913.00,2209.00,2240.00
T0,High +,R4,2644.00,2042.00,2103.00
T0,High +,R4,2143.00,2240.00,1598.00
T0,High +,R4,1826.00,1922.00,1575.00
T0,High +,R4,2278.00,2739.00,1033.00
T0,High +,R4,2329.00,2734.00,2874.00
T0,High +,R4,1554.00,2024.00,1292.00
T0,High +,R4,2163.00,1601.00,2340.00
T0,High +,R4,1934.00,2426.00,2975.00
T0,High +,R4,1586.00,1989.00,1409.00
T0,High +,R4,1851.00,2054.00,2314.00
T0,High +,R4,2677.00,3496.00,3804.00
T0,High +,R4,1997.00,2959.00,1995.00
T0,High +,R4,1779.00,1638.00,2625.00
T0,High +,R4,2578.00,3707.00,2699.00
T0,High +,R4,1624.00,2456.00,965.00
T0,High +,R4,2335.00,2117.00,2194.00
T0,High +,R4,2133.00,3096.00,2555.00
T0,High +,R4,1305.00,2066.00,1051.00
T0,High +,R4,1883.00,1918.00,1366.00
T0,High +,R4,2395.00,2546.00,1405.00
T0,High +,R4,2084.00,3069.00,1083.00
T0,High +,R4,2269.00,3200.00,1010.00
T0,High +,R4,2187.00,2511.00,1822.00
T0,High +,R4,1785.00,2131.00,2407.00
T0,High +,R4,1819.00,1982.00,2881.00
T0,High +,R4,2558.00,3768.00,1117.00
T0,High +,R4,2070.00,2196.00,2274.00
T0,High +,R4,1712.00,1870.00,2085.00
T0,High +,R4,2632.00,2927.00,2519.00
T0,High +,R4,1882.00,2659.00,2774.00
T0,High +,R4,1883.00,1733.00,1636.00
T0,High +,R4,1858.00,2459.00,1260.00
T0,High +,R4,2739.00,3310.00,2674.00
T0,High +,R4,1917.00,2927.00,1421.00
T0,High +,R4,2395.00,2084.00,1863.00
T0,High +,R4,2145.00,1985.00,1075.00
T0,High +,R4,2226.00,3009.00,2458.00
T0,High +,R4,2669.00,3165.00,3246.00
T0,High +,R4,1617.00,2433.00,1651.00
T0,High +,R4,1785.00,2001.00,2803.00
T0,High +,R4,1800.00,1796.00,1277.00
T0,High +,R4,1654.00,1503.00,2475.00
T0,High +,R4,1983.00,2346.00,961.00
T0,High +,R4,1870.00,2397.00,1824.00
T0,High +,R4,2182.00,3239.00,2288.00
T0,High +,R4,2069.00,2749.00,1620.00
T0,High +,R4,1491.00,1917.00,1313.00
T0,High +,R4,2372.00,2655.00,1123.00
T0,High +,R4,1766.00,2521.00,1211.00
T0,High +,R4,2176.00,2090.00,1755.00
T0,High +,R4,1855.00,1562.00,2027.00
T0,High +,R4,1958.00,2506.00,3339.00
T0,High +,R4,1787.00,2416.00,1082.00
T0,High +,R4,2063.00,2742.00,1414.00
T0,High +,R4,2081.00,2144.00,1071.00
T0,High +,R4,2027.00,1987.00,2194.00
T0,High +,R4,1686.00,1475.00,1287.00
T0,High +,R4,2161.00,2160.00,1273.00
T0,High +,R4,2004.00,1926.00,1090.00
T0,High +,R4,1879.00,2114.00,2722.00
T0,High +,R4,2086.00,2393.00,2348.00
T0,High +,R4,2411.00,3247.00,2004.00
T0,High +,R4,2652.00,2348.00,2998.00
T0,High +,R4,1935.00,2885.00,2202.00
T0,High +,R4,2588.00,2576.00,2242.00
T0,High +,R4,2308.00,1732.00,2214.00
T0,High +,R4,2175.00,3189.00,1213.00
T0,High +,R4,1974.00,2437.00,1537.00
T0,High +,R4,2006.00,2998.00,2038.00
T0,High +,R4,1972.00,2157.00,1311.00
T0,High +,R4,1923.00,1737.00,1258.00
T0,High +,R4,1742.00,1787.00,2452.00
T0,High +,R4,2609.00,2913.00,1470.00
T0,High +,R4,2440.00,1815.00,2445.00
T0,High +,R4,2372.00,3017.00,2048.00
T0,High +,R4,1882.00,1782.00,2201.00
T0,High +,R4,2165.00,2279.00,2018.00
T0,High +,R4,2370.00,2324.00,1383.00
T0,High +,R4,2197.00,1799.00,1813.00
T0,High +,R4,1880.00,1960.00,950.00
T0,High +,R4,1628.00,2591.00,1026.00
T0,High +,R4,1823.00,1863.00,1588.00
T0,High +,R4,1753.00,2542.00,1147.00
T0,High +,R4,1898.00,2145.00,1954.00
T0,High +,R4,1488.00,1910.00,1862.00
T0,High +,R4,2148.00,2218.00,1997.00
T0,High +,R4,2067.00,3012.00,1089.00
T0,High +,R4,2633.00,3532.00,1197.00
T0,High +,R4,1890.00,2132.00,1264.00
T0,High +,R4,1973.00,2129.00,1865.00
T0,High +,R4,2184.00,3119.00,1398.00
T0,High +,R4,1679.00,2456.00,1360.00
T0,High +,R4,1677.00,1929.00,1345.00
T0,High +,R4,2214.00,2484.00,1123.00
T0,High +,R4,2237.00,1693.00,2473.00
T0,High +,R4,2206.00,2545.00,1141.00
T0,High +,R4,2400.00,2229.00,1206.00
T0,High +,R4,1946.00,2587.00,2668.00
T0,High +,R4,2197.00,2434.00,1478.00
T0,High +,R4,1705.00,2060.00,1315.00
T0,High +,R4,2059.00,1225.00,995.00
T0,High +,R4,2163.00,2057.00,1211.00
T0,High +,R4,2374.00,3349.00,1549.00
T0,High +,R4,1896.00,1499.00,1167.00
T0,High +,R4,2231.00,2639.00,2176.00
T0,High +,R4,2287.00,2769.00,2529.00
T0,High +,R4,1742.00,1618.00,1590.00
T0,High +,R4,1778.00,1929.00,1828.00
T0,High +,R4,1629.00,1639.00,1267.00
T0,High +,R4,1759.00,2075.00,1162.00
T0,High +,R4,1952.00,1973.00,974.00
T0,High +,R4,2145.00,2009.00,1636.00
T0,High +,R4,1982.00,2514.00,3137.00
T0,High +,R4,1628.00,2241.00,2635.00
T0,High +,R4,2371.00,1864.00,2520.00
T0,High +,R4,1715.00,2076.00,947.00
T0,High +,R4,1948.00,1948.00,1564.00
T0,High +,R4,2423.00,3011.00,3214.00
T0,High +,R4,1930.00,2471.00,3820.00
T0,High +,R4,2051.00,1697.00,2652.00
T0,High +,R4,1963.00,2626.00,1567.00
T0,High +,R4,2547.00,3713.00,1977.00
T0,High +,R4,1859.00,2708.00,3080.00
T0,High +,R4,1864.00,2045.00,2470.00
T0,High +,R4,1961.00,2506.00,1264.00
T0,High +,R4,1882.00,2448.00,3108.00
T0,High +,R4,1965.00,1607.00,1008.00
T0,High +,R4,2080.00,1980.00,1914.00
T0,High +,R4,1903.00,2475.00,1070.00
T0,High +,R4,1327.00,1631.00,1165.00
T0,High +,R4,1807.00,1842.00,2249.00
T0,High +,R4,2182.00,1805.00,1190.00
T0,High +,R4,2167.00,2211.00,1363.00
T0,High +,R4,1563.00,1818.00,2893.00
T0,High +,R4,2286.00,3090.00,1893.00
T0,High +,R4,1567.00,1827.00,2195.00
T0,High +,R4,2036.00,1882.00,1131.00
T0,High +,R4,1450.00,1489.00,1733.00
T0,High +,R4,1768.00,2365.00,1376.00
T0,High +,R4,2431.00,3060.00,2042.00
T0,High +,R4,2301.00,2490.00,1882.00
T0,High +,R4,2067.00,2480.00,2922.00
T0,High +,R4,1387.00,2034.00,1342.00
T0,High +,R4,1579.00,1925.00,870.00
T0,High +,R4,2017.00,1574.00,1831.00
T0,High +,R4,1737.00,1513.00,1166.00
T0,High +,R4,2274.00,1380.00,1454.00
T0,High +,R4,1864.00,1876.00,1131.00
T0,High +,R4,1927.00,2546.00,1067.00
T0,High +,R4,2283.00,3174.00,1041.00
T0,High +,R4,2031.00,2381.00,2132.00
T0,High +,R4,1999.00,2161.00,1430.00
T0,High +,R4,1989.00,2726.00,3458.00
T0,High +,R4,2213.00,2628.00,1923.00
T0,High +,R4,1765.00,2156.00,1021.00
T0,High +,R4,2025.00,2258.00,2038.00
T0,High +,R4,2378.00,2592.00,2811.00
T0,High +,R4,1669.00,1515.00,1225.00
T0,High +,R4,2667.00,2581.00,2262.00
T0,High +,R4,2127.00,2190.00,3382.00
T0,High +,R4,2448.00,2686.00,2725.00
T0,High +,R4,1952.00,2314.00,1220.00
T0,High +,R4,2145.00,2060.00,1714.00
T0,High +,R4,1474.00,2058.00,1508.00
T0,High +,R4,2118.00,2885.00,1792.00
T0,High +,R4,2442.00,2450.00,1322.00
T0,High +,R4,1906.00,2560.00,2420.00
T0,High +,R4,1865.00,1558.00,1982.00
T0,High +,R4,2189.00,2750.00,2457.00
T0,High +,R4,2230.00,1972.00,1939.00
T0,High +,R4,1986.00,2307.00,2031.00
T0,High +,R4,1619.00,2500.00,1195.00
T0,High +,R4,2008.00,1833.00,1774.00
T0,High +,R4,1974.00,1840.00,1833.00
T0,High +,R4,2753.00,3190.00,1262.00
T0,High +,R4,2526.00,2666.00,2278.00
T0,High +,R4,1788.00,2033.00,2704.00
T0,High +,R4,2055.00,1891.00,1725.00
T0,High +,R4,2016.00,2132.00,1364.00
T0,High +,R4,1943.00,2757.00,1453.00
T0,High +,R4,1695.00,2228.00,1031.00
T0,High +,R4,2420.00,2214.00,2004.00
T0,High +,R4,2092.00,3188.00,1432.00
T0,High +,R4,1577.00,1970.00,2608.00
T0,High +,R4,1694.00,1602.00,1028.00
T0,High +,R4,1970.00,2585.00,1750.00
T0,High +,R4,1619.00,2034.00,1926.00
T0,High +,R4,2231.00,2571.00,1200.00
T0,High +,R4,1735.00,1952.00,932.00
T0,High +,R4,2353.00,2351.00,2955.00
T0,High +,R4,1706.00,2107.00,1375.00
T0,High +,R4,1755.00,2003.00,1160.00
T0,High +,R4,2534.00,3767.00,1344.00
T0,High +,R4,2749.00,2228.00,1439.00
T0,High +,R4,2126.00,2248.00,1502.00
T0,High +,R4,1811.00,1330.00,2255.00
T0,High +,R4,1592.00,2219.00,2824.00
T0,High +,R4,1891.00,2276.00,1092.00
T0,High +,R4,1869.00,2290.00,1160.00
T0,High +,R4,1907.00,1895.00,918.00
T0,High +,R4,1981.00,1628.00,1669.00
T0,High +,R4,1625.00,1445.00,1349.00
T0,High +,R4,2027.00,2079.00,993.00
T0,High +,R4,2468.00,2318.00,2255.00
T0,High +,R4,1386.00,1721.00,927.00
T0,High +,R4,2095.00,2179.00,1552.00
T0,High +,R4,2011.00,2570.00,2968.00
T0,High +,R4,1974.00,2074.00,2101.00
T0,High +,R4,2743.00,2900.00,3864.00
T0,High +,R4,2339.00,2425.00,1241.00
T0,High +,R4,1936.00,2065.00,1183.00
T0,High +,R4,2163.00,2481.00,2779.00
T0,High +,R4,1992.00,2508.00,3332.00
T0,High +,R4,2521.00,3661.00,1624.00
T0,High +,R4,1945.00,1870.00,3174.00
T24,High +,R4,1327.00,1851.00,830.00
T24,High +,R4,1685.00,2273.00,1389.00
T24,High +,R4,1700.00,2154.00,1001.00
T24,High +,R2,1954.00,2611.00,581.00
T24,High +,R4,1660.00,2231.00,1934.00
T24,High +,R4,1844.00,2223.00,1576.00
T24,High +,R4,1786.00,2180.00,2760.00
T24,High +,R4,1967.00,2224.00,3726.00
T24,High +,R4,1517.00,1811.00,2175.00
T24,High +,R4,1808.00,2457.00,1744.00
T24,High +,R4,1525.00,2338.00,2491.00
T24,High +,R4,1552.00,1845.00,1825.00
T24,High +,R4,1832.00,2182.00,3466.00
T24,High +,R4,2147.00,2929.00,3735.00
T24,High +,R4,1483.00,1653.00,2700.00
T24,High +,R4,2013.00,2235.00,3310.00
T24,High +,R4,1860.00,2341.00,3386.00
T24,High +,R4,1334.00,2005.00,1374.00
T24,High +,R4,1473.00,2091.00,2786.00
T24,High +,R4,1327.00,1687.00,1974.00
T24,High +,R4,2450.00,3032.00,3953.00
T24,High +,R4,1289.00,1809.00,2344.00
T24,High +,R4,1761.00,2097.00,2117.00
T24,High +,R4,2083.00,2419.00,3061.00
T24,High +,R4,1723.00,2181.00,2790.00
T24,High +,R4,1687.00,2083.00,2439.00
T24,High +,R4,1730.00,2232.00,1841.00
T24,High +,R4,1318.00,2155.00,2459.00
T24,High +,R4,2008.00,2356.00,1415.00
T24,High +,R4,2162.00,2722.00,3428.00
T24,High +,R4,1693.00,2042.00,3211.00
T24,High +,R2,1895.00,2284.00,720.00
T24,High +,R4,1762.00,2084.00,2909.00
T24,High +,R4,2126.00,2670.00,1867.00
T24,High +,R5,1955.00,2527.00,248.00
T24,High +,R4,1424.00,1830.00,2662.00
T24,High +,R4,1887.00,2621.00,3124.00
T24,High +,R4,1922.00,2466.00,2213.00
T24,High +,R4,2051.00,2620.00,2656.00
T24,High +,R4,1716.00,2163.00,2879.00
T24,High +,R4,1441.00,1706.00,2468.00
T24,High +,R4,1369.00,2009.00,2108.00
T24,High +,R4,2133.00,2973.00,1677.00
T24,High +,R4,1402.00,1681.00,2299.00
T24,High +,R4,1484.00,1882.00,2364.00
T24,High +,R4,1479.00,2111.00,2464.00
T24,High +,R4,1560.00,1977.00,2689.00
T24,High +,R2,1812.00,2288.00,551.00
T24,High +,R4,2140.00,2077.00,1896.00
T24,High +,R4,2409.00,2798.00,3381.00
T24,High +,R4,1741.00,2287.00,3227.00
T24,High +,R4,1814.00,2538.00,2826.00
T24,High +,R4,2437.00,3106.00,3313.00
T24,High +,R4,1936.00,2782.00,3589.00
T24,High +,R4,1892.00,2029.00,3094.00
T24,High +,R4,1898.00,2441.00,1916.00
T24,High +,R4,1832.00,2473.00,3240.00
T24,High +,R4,2040.00,2251.00,1619.00
T24,High +,R4,2047.00,2286.00,1327.00
T24,High +,R4,1804.00,2279.00,1284.00
T24,High +,R5,2171.00,2245.00,384.00
T24,High +,R4,1507.00,1804.00,2731.00
T24,High +,R4,1572.00,2240.00,2803.00
T24,High +,R4,2061.00,2353.00,1987.00
T24,High +,R4,1871.00,2210.00,3557.00
T24,High +,R4,1671.00,1994.00,2978.00
T24,High +,R4,1828.00,2384.00,1102.00
T24,High +,R4,2050.00,2703.00,3126.00
T24,High +,R2,1237.00,2027.00,2153.00
T24,High +,R5,2102.00,2407.00,253.00
T24,High +,R4,1576.00,1344.00,1025.00
T24,High +,R5,2444.00,2660.00,303.00
T24,High +,R4,1761.00,2015.00,2802.00
T24,High +,R4,1452.00,1819.00,2097.00
T24,High +,R4,1769.00,2619.00,3129.00
T24,High +,R4,1759.00,2102.00,2646.00
T48,High +,R5,1841.00,2298.00,444.00
T48,High +,R4,1683.00,2219.00,3072.00
T48,High +,R4,1747.00,2285.00,3429.00
T48,High +,R4,2024.00,2775.00,3775.00
T48,High +,R4,1899.00,2208.00,3027.00
T48,High +,R4,1733.00,1559.00,3008.00
T48,High +,R4,1504.00,1712.00,2807.00
T48,High +,R4,2307.00,2816.00,3487.00
T48,High +,R4,1749.00,2180.00,2386.00
T48,High +,R4,1556.00,1811.00,2211.00
T48,High +,R4,1377.00,1672.00,2669.00
T48,High +,R4,1732.00,2601.00,3282.00
T48,High +,R4,1536.00,1881.00,2934.00
T48,High +,R4,1390.00,1867.00,2415.00
T48,High +,R4,1981.00,2146.00,3377.00
T48,High +,R4,2502.00,2887.00,4343.00
T48,High +,R4,2208.00,2294.00,4109.00
T48,High +,R4,2527.00,2965.00,4078.00
T48,High +,R4,1652.00,2045.00,3064.00
T48,High +,R4,2209.00,2727.00,4208.00
T48,High +,R4,2519.00,3077.00,2875.00
T48,High +,R4,2140.00,2612.00,3149.00
T48,High +,R4,1712.00,2039.00,3227.00
T48,High +,R5,1628.00,1661.00,376.00
T48,High +,R4,1807.00,2214.00,3613.00
T48,High +,R4,1534.00,2137.00,2876.00
T48,High +,R4,1820.00,1942.00,3187.00
T48,High +,R4,1471.00,2187.00,2480.00
T0,Low -,R5,2089.00,2599.00,505.00
T0,Low -,R5,1964.00,2700.00,357.00
T0,Low -,R5,1995.00,1926.00,410.00
T0,Low -,R5,2246.00,2218.00,461.00
T0,Low -,R5,2156.00,2986.00,476.00
T0,Low -,R5,2198.00,2636.00,215.00
T0,Low -,R5,1977.00,2661.00,472.00
T0,Low -,R5,1780.00,1893.00,433.00
T0,Low -,R5,1531.00,1300.00,413.00
T0,Low -,R5,2544.00,3284.00,320.00
T0,Low -,R5,2641.00,2312.00,85.10
T0,Low -,R5,2044.00,1491.00,320.00
T0,Low -,R5,2531.00,2283.00,59.00
T0,Low -,R5,2618.00,3362.00,394.00
T0,Low -,R5,1391.00,1536.00,318.00
T0,Low -,R5,2153.00,2315.00,505.00
T0,Low -,R5,2239.00,1401.00,138.00
T0,Low -,R5,1435.00,1525.00,263.00
T0,Low -,R5,1800.00,2026.00,204.00
T0,Low -,R5,1712.00,2078.00,77.70
T0,Low -,R5,2630.00,2517.00,341.00
T0,Low -,R5,2558.00,2726.00,251.00
T0,Low -,R5,2204.00,1696.00,464.00
T0,Low -,R5,1403.00,1943.00,65.30
T0,Low -,R5,1699.00,2028.00,83.40
T0,Low -,R5,2349.00,3205.00,225.00
T0,Low -,R5,2078.00,1792.00,441.00
T0,Low -,R5,2050.00,2545.00,339.00
T0,Low -,R5,2015.00,2112.00,511.00
T0,Low -,R5,1947.00,2339.00,327.00
T0,Low -,R5,1868.00,2348.00,358.00
T0,Low -,R5,1553.00,1956.00,275.00
T0,Low -,R5,2071.00,1981.00,282.00
T0,Low -,R5,2317.00,2575.00,70.30
T0,Low -,R5,2153.00,1859.00,255.00
T0,Low -,R5,2384.00,2950.00,361.00
T0,Low -,R5,2092.00,2546.00,196.00
T0,Low -,R5,1929.00,2317.00,256.00
T0,Low -,R5,2406.00,2254.00,88.30
T0,Low -,R5,2590.00,3378.00,356.00
T0,Low -,R5,2483.00,2675.00,178.00
T0,Low -,R5,2007.00,2591.00,333.00
T0,Low -,R5,1979.00,2195.00,509.00
T0,Low -,R5,2253.00,2821.00,268.00
T0,Low -,R5,1699.00,2130.00,298.00
T0,Low -,R5,2563.00,3070.00,293.00
T0,Low -,R5,2228.00,2461.00,294.00
T0,Low -,R5,1777.00,1829.00,57.30
T0,Low -,R5,1943.00,2403.00,130.00
T0,Low -,R5,1926.00,1733.00,203.00
T0,Low -,R5,1549.00,1770.00,74.50
T0,Low -,R5,1392.00,1420.00,43.10
T0,Low -,R5,1988.00,2478.00,454.00
T0,Low -,R5,2072.00,2195.00,500.00
T0,Low -,R5,2497.00,3056.00,590.00
T0,Low -,R5,2078.00,2324.00,341.00
T0,Low -,R5,1568.00,2054.00,254.00
T0,Low -,R5,2092.00,2225.00,332.00
T0,Low -,R5,1429.00,2053.00,431.00
T0,Low -,R5,2097.00,2374.00,525.00
T0,Low -,R5,2153.00,1995.00,59.60
T0,Low -,R5,2545.00,2418.00,282.00
T0,Low -,R5,1697.00,1900.00,211.00
T0,Low -,R5,2420.00,2058.00,120.00
T0,Low -,R5,2177.00,3178.00,384.00
T0,Low -,R5,2296.00,1856.00,406.00
T0,Low -,R5,1704.00,2371.00,275.00
T0,Low -,R5,2238.00,2272.00,143.00
T0,Low -,R5,2254.00,2462.00,76.90
T0,Low -,R5,2616.00,2091.00,469.00
T0,Low -,R5,1322.00,1725.00,412.00
T0,Low -,R5,2375.00,1642.00,400.00
T0,Low -,R5,1826.00,2358.00,364.00
T0,Low -,R5,1962.00,1509.00,489.00
T0,Low -,R5,2186.00,2362.00,303.00
T0,Low -,R5,2708.00,2204.00,413.00
T0,Low -,R5,2071.00,2810.00,411.00
T0,Low -,R5,2563.00,2375.00,336.00
T0,Low -,R5,1757.00,1041.00,78.30
T0,Low -,R5,1783.00,1875.00,123.00
T0,Low -,R5,2275.00,1879.00,398.00
T0,Low -,R5,2719.00,2055.00,260.00
T0,Low -,R5,1818.00,2326.00,487.00
T0,Low -,R5,1968.00,1780.00,503.00
T0,Low -,R5,2239.00,2053.00,417.00
T0,Low -,R5,2172.00,1234.00,269.00
T0,Low -,R5,2496.00,2629.00,143.00
T0,Low -,R5,1959.00,2328.00,324.00
T0,Low -,R5,1692.00,1897.00,338.00
T0,Low -,R5,1978.00,2271.00,479.00
T0,Low -,R5,2219.00,2480.00,323.00
T0,Low -,R5,1941.00,2586.00,85.10
T0,Low -,R5,2007.00,1911.00,180.00
T0,Low -,R5,1721.00,1853.00,221.00
T0,Low -,R5,1533.00,1493.00,352.00
T0,Low -,R5,2444.00,1706.00,101.00
T0,Low -,R5,1607.00,2152.00,60.40
T0,Low -,R5,2156.00,1568.00,279.00
T0,Low -,R5,2348.00,3153.00,436.00
T0,Low -,R5,2231.00,2079.00,404.00
T0,Low -,R5,2164.00,2575.00,473.00
T0,Low -,R5,1352.00,1760.00,220.00
T0,Low -,R5,2166.00,2025.00,55.00
T0,Low -,R5,2301.00,2967.00,422.00
T0,Low -,R5,2672.00,3221.00,603.00
T0,Low -,R5,2387.00,3077.00,283.00
T0,Low -,R5,1968.00,1942.00,215.00
T0,Low -,R5,1833.00,1633.00,244.00
T0,Low -,R5,2194.00,2435.00,512.00
T0,Low -,R5,1954.00,2215.00,218.00
T0,Low -,R5,2235.00,2707.00,474.00
T0,Low -,R5,2216.00,3028.00,223.00
T0,Low -,R5,1839.00,1870.00,302.00
T0,Low -,R5,2061.00,1901.00,443.00
T0,Low -,R5,2200.00,2201.00,193.00
T0,Low -,R5,1755.00,2523.00,190.00
T0,Low -,R5,2182.00,2760.00,197.00
T0,Low -,R5,1916.00,2077.00,382.00
T0,Low -,R5,2061.00,2020.00,92.10
T0,Low -,R5,2096.00,2365.00,54.90
T0,Low -,R5,2428.00,2574.00,87.70
T0,Low -,R5,1913.00,1662.00,458.00
T0,Low -,R5,2213.00,1558.00,130.00
T0,Low -,R5,2116.00,2387.00,294.00
T0,Low -,R5,1827.00,2859.00,420.00
T0,Low -,R5,2193.00,2495.00,226.00
T0,Low -,R5,1916.00,1564.00,311.00
T0,Low -,R5,2068.00,2194.00,308.00
T0,Low -,R5,1604.00,2338.00,83.30
T0,Low -,R5,1916.00,1739.00,175.00
T0,Low -,R5,1731.00,2161.00,326.00
T0,Low -,R5,1956.00,1932.00,502.00
T0,Low -,R5,1981.00,1874.00,485.00
T0,Low -,R5,2175.00,2930.00,70.10
T0,Low -,R5,2214.00,2873.00,224.00
T0,Low -,R5,2204.00,2708.00,461.00
T0,Low -,R5,2258.00,1832.00,466.00
T0,Low -,R5,2097.00,2173.00,184.00
T0,Low -,R5,1903.00,2083.00,243.00
T0,Low -,R5,1966.00,2216.00,283.00
T0,Low -,R5,1849.00,2875.00,450.00
T0,Low -,R5,1746.00,1995.00,227.00
T0,Low -,R5,1507.00,2197.00,367.00
T0,Low -,R5,1864.00,2227.00,343.00
T0,Low -,R5,2079.00,2861.00,419.00
T0,Low -,R5,2151.00,2423.00,124.00
T0,Low -,R5,2656.00,2890.00,160.00
T0,Low -,R5,1542.00,2033.00,279.00
T0,Low -,R5,2345.00,1559.00,61.00
T0,Low -,R5,1892.00,1684.00,59.70
T0,Low -,R5,2034.00,1832.00,141.00
T0,Low -,R5,1492.00,1789.00,63.70
T0,Low -,R5,2149.00,2098.00,225.00
T0,Low -,R5,2137.00,1894.00,379.00
T0,Low -,R5,1855.00,1475.00,416.00
T0,Low -,R5,2103.00,2037.00,241.00
T0,Low -,R5,1798.00,2035.00,81.90
T0,Low -,R5,1885.00,2123.00,393.00
T0,Low -,R5,1595.00,1940.00,122.00
T0,Low -,R5,1998.00,1567.00,302.00
T0,Low -,R5,2267.00,3001.00,475.00
T0,Low -,R5,2511.00,2253.00,439.00
T0,Low -,R5,1889.00,1831.00,61.20
T0,Low -,R5,1964.00,1815.00,177.00
T0,Low -,R5,2346.00,2530.00,260.00
T0,Low -,R5,1779.00,2228.00,325.00
T0,Low -,R5,1782.00,1925.00,393.00
T0,Low -,R5,2765.00,3500.00,159.00
T0,Low -,R5,2342.00,1896.00,56.10
T0,Low -,R5,2129.00,2967.00,371.00
T0,Low -,R5,2541.00,2835.00,238.00
T0,Low -,R5,2228.00,2076.00,364.00
T0,Low -,R5,1551.00,1976.00,60.80
T0,Low -,R5,1540.00,2015.00,222.00
T0,Low -,R5,2097.00,1764.00,316.00
T0,Low -,R5,2598.00,2629.00,494.00
T0,Low -,R5,1906.00,2393.00,342.00
T0,Low -,R5,2112.00,2245.00,444.00
T0,Low -,R5,2103.00,2908.00,350.00
T0,Low -,R5,1859.00,1949.00,58.30
T0,Low -,R5,2693.00,2237.00,301.00
T0,Low -,R5,2077.00,2091.00,68.30
T0,Low -,R5,2256.00,1877.00,412.00
T0,Low -,R5,1970.00,2209.00,187.00
T0,Low -,R5,1990.00,2561.00,422.00
T0,Low -,R5,2303.00,2571.00,308.00
T0,Low -,R5,1935.00,1641.00,391.00
T0,Low -,R5,2348.00,2353.00,57.40
T0,Low -,R5,2378.00,1844.00,200.00
T0,Low -,R5,2172.00,1877.00,57.10
T0,Low -,R5,1681.00,1377.00,73.50
T0,Low -,R5,1820.00,1233.00,495.00
T0,Low -,R5,2284.00,2493.00,487.00
T0,Low -,R5,1625.00,2206.00,216.00
T0,Low -,R5,1695.00,1949.00,48.80
T0,Low -,R5,1359.00,2219.00,305.00
T0,Low -,R5,2007.00,1958.00,398.00
T0,Low -,R5,1729.00,2596.00,380.00
T0,Low -,R5,2230.00,2154.00,200.00
T0,Low -,R5,1996.00,2218.00,68.90
T0,Low -,R5,2134.00,2368.00,314.00
T0,Low -,R5,1868.00,2755.00,62.20
T0,Low -,R5,2326.00,2506.00,115.00
T0,Low -,R5,2401.00,2866.00,501.00
T0,Low -,R5,2058.00,2393.00,71.60
T0,Low -,R5,2227.00,3045.00,424.00
T0,Low -,R5,2172.00,2491.00,249.00
T0,Low -,R5,1881.00,1897.00,253.00
T0,Low -,R5,2224.00,1818.00,67.00
T0,Low -,R5,1709.00,1879.00,56.20
T0,Low -,R5,2247.00,2164.00,307.00
T0,Low -,R5,2029.00,2354.00,470.00
T0,Low -,R5,1791.00,1819.00,325.00
T0,Low -,R5,1923.00,1737.00,212.00
T0,Low -,R5,1587.00,2171.00,407.00
T0,Low -,R5,2062.00,2380.00,406.00
T0,Low -,R5,1370.00,1628.00,257.00
T0,Low -,R5,1925.00,1302.00,212.00
T0,Low -,R5,1871.00,2596.00,212.00
T0,Low -,R5,2515.00,2729.00,251.00
T0,Low -,R5,1736.00,2771.00,227.00
T0,Low -,R5,1658.00,1815.00,82.80
T0,Low -,R5,2636.00,2678.00,471.00
T0,Low -,R5,1662.00,2196.00,385.00
T0,Low -,R5,2493.00,3379.00,370.00
T0,Low -,R5,2687.00,2046.00,348.00
T0,Low -,R5,1425.00,1760.00,47.20
T0,Low -,R5,2242.00,2478.00,140.00
T0,Low -,R5,2017.00,1713.00,482.00
T0,Low -,R5,2033.00,2446.00,73.20
T0,Low -,R5,2019.00,1813.00,70.70
T0,Low -,R5,2585.00,2927.00,106.00
T0,Low -,R5,1768.00,1799.00,178.00
T0,Low -,R5,2523.00,2593.00,289.00
T0,Low -,R5,1878.00,2631.00,321.00
T0,Low -,R5,1824.00,1920.00,165.00
T0,Low -,R5,2466.00,1914.00,102.00
T0,Low -,R5,2267.00,2766.00,258.00
T0,Low -,R5,1331.00,2049.00,296.00
T0,Low -,R5,2262.00,1541.00,145.00
T0,Low -,R5,2150.00,1949.00,429.00
T0,Low -,R5,1515.00,1959.00,282.00
T0,Low -,R5,2219.00,1982.00,358.00
T0,Low -,R5,1415.00,1802.00,429.00
T0,Low -,R5,1739.00,1936.00,441.00
T0,Low -,R5,1702.00,1832.00,302.00
T0,Low -,R5,2102.00,2452.00,308.00
T0,Low -,R5,2304.00,2128.00,118.00
T0,Low -,R5,1791.00,2140.00,213.00
T0,Low -,R5,2429.00,2448.00,275.00
T0,Low -,R5,2071.00,1796.00,458.00
T0,Low -,R5,1773.00,2180.00,339.00
T0,Low -,R5,1936.00,1576.00,106.00
T0,Low -,R5,2594.00,2344.00,328.00
T0,Low -,R5,2078.00,2939.00,158.00
T0,Low -,R5,2686.00,3015.00,70.40
T0,Low -,R5,2879.00,2144.00,518.00
T0,Low -,R5,1729.00,2409.00,77.10
T0,Low -,R5,2677.00,3398.00,241.00
T0,Low -,R5,2282.00,2085.00,185.00
T0,Low -,R5,1544.00,2278.00,59.60
T0,Low -,R5,1793.00,1857.00,255.00
T0,Low -,R5,2040.00,2840.00,115.00
T0,Low -,R5,1696.00,2224.00,250.00
T0,Low -,R5,1501.00,1365.00,321.00
T0,Low -,R5,1390.00,1865.00,167.00
T0,Low -,R5,2640.00,3387.00,167.00
T0,Low -,R5,1823.00,1959.00,74.40
T0,Low -,R5,2446.00,2599.00,440.00
T0,Low -,R5,1893.00,2152.00,309.00
T0,Low -,R5,2013.00,1912.00,88.70
T0,Low -,R5,2753.00,2285.00,386.00
T0,Low -,R5,2031.00,1898.00,503.00
T0,Low -,R5,2089.00,2803.00,276.00
T0,Low -,R5,1479.00,1575.00,49.90
T0,Low -,R5,1785.00,1687.00,366.00
T0,Low -,R5,2131.00,1723.00,121.00
T0,Low -,R5,1929.00,2210.00,256.00
T0,Low -,R5,1793.00,1491.00,309.00
T0,Low -,R5,1975.00,2415.00,317.00
T0,Low -,R5,2129.00,3033.00,209.00
T0,Low -,R5,1616.00,2072.00,112.00
T0,Low -,R5,1406.00,1946.00,119.00
T0,Low -,R5,2188.00,2674.00,113.00
T0,Low -,R5,2250.00,2745.00,128.00
T0,Low -,R5,2772.00,2698.00,219.00
T0,Low -,R5,1555.00,2002.00,439.00
T0,Low -,R5,2615.00,1805.00,149.00
T0,Low -,R5,2260.00,2339.00,320.00
T0,Low -,R5,2272.00,1835.00,344.00
T0,Low -,R5,1854.00,1580.00,310.00
T0,Low -,R5,2117.00,2074.00,80.20
T0,Low -,R5,2100.00,2433.00,56.70
T0,Low -,R5,2822.00,2865.00,441.00
T0,Low -,R5,1927.00,2194.00,52.70
T0,Low -,R5,2465.00,1989.00,132.00
T0,Low -,R5,1851.00,2526.00,108.00
T0,Low -,R5,2127.00,2254.00,442.00
T0,Low -,R5,2299.00,2723.00,266.00
T0,Low -,R5,1903.00,1825.00,465.00
T0,Low -,R5,2211.00,1942.00,479.00
T0,Low -,R5,2077.00,1936.00,234.00
T0,Low -,R5,1744.00,1960.00,287.00
T0,Low -,R5,2072.00,3028.00,94.40
T0,Low -,R5,2495.00,2128.00,114.00
T0,Low -,R5,2323.00,2551.00,541.00
T0,Low -,R5,1549.00,1188.00,448.00
T0,Low -,R5,2044.00,2628.00,67.60
T0,Low -,R5,2513.00,2535.00,447.00
T0,Low -,R5,1675.00,1739.00,384.00
T0,Low -,R5,1418.00,2056.00,235.00
T0,Low -,R5,2300.00,2483.00,423.00
T0,Low -,R5,1896.00,1996.00,78.10
T0,Low -,R5,2044.00,1543.00,188.00
T0,Low -,R5,1501.00,1694.00,288.00
T0,Low -,R5,2089.00,2435.00,71.80
T0,Low -,R5,2161.00,2186.00,330.00
T0,Low -,R5,2206.00,1711.00,361.00
T0,Low -,R5,1678.00,1633.00,210.00
T0,Low -,R5,2135.00,2233.00,75.30
T0,Low -,R5,2529.00,2664.00,592.00
T0,Low -,R5,1559.00,2238.00,66.50
T0,Low -,R5,2076.00,1461.00,98.40
T0,Low -,R5,2056.00,2222.00,211.00
T0,Low -,R5,2133.00,2302.00,112.00
T0,Low -,R5,2125.00,2440.00,292.00
T0,Low -,R5,1579.00,1816.00,54.00
T0,Low -,R5,2285.00,1424.00,326.00
T0,Low -,R5,2047.00,2503.00,386.00
T0,Low -,R5,2022.00,2225.00,61.60
T0,Low -,R5,2123.00,1951.00,259.00
T0,Low -,R5,2384.00,2057.00,261.00
T0,Low -,R5,1843.00,2141.00,464.00
T0,Low -,R5,2001.00,1776.00,209.00
T0,Low -,R5,1999.00,1954.00,56.20
T0,Low -,R5,2362.00,2216.00,287.00
T0,Low -,R5,1888.00,1766.00,217.00
T0,Low -,R5,1803.00,1859.00,92.00
T0,Low -,R5,1469.00,1986.00,169.00
T0,Low -,R5,1654.00,2031.00,230.00
T0,Low -,R5,2479.00,2199.00,398.00
T0,Low -,R5,1706.00,1841.00,195.00
T0,Low -,R5,2039.00,1710.00,330.00
T0,Low -,R5,1613.00,2287.00,343.00
T0,Low -,R5,2646.00,1656.00,236.00
T0,Low -,R5,1846.00,2510.00,420.00
T0,Low -,R5,2523.00,1857.00,101.00
T0,Low -,R5,1475.00,937.00,381.00
T24,Low -,R5,1996.00,2307.00,75.20
T24,Low -,R4,1839.00,2771.00,1461.00
T24,Low -,R5,2024.00,2312.00,107.00
T24,Low -,R5,2055.00,2870.00,58.30
T24,Low -,R5,2570.00,2551.00,68.80
T24,Low -,R5,2430.00,2401.00,80.20
T24,Low -,R5,2020.00,2754.00,69.10
T24,Low -,R5,2050.00,2618.00,71.60
T24,Low -,R2,2415.00,2990.00,676.00
T24,Low -,R5,2122.00,3060.00,110.00
T24,Low -,R5,1764.00,2210.00,59.00
T24,Low -,R3,1859.00,2029.00,42.90
T24,Low -,R4,1701.00,2238.00,1212.00
T24,Low -,R5,1969.00,2608.00,69.40
T24,Low -,R4,2169.00,2637.00,1466.00
T24,Low -,R4,1736.00,2274.00,1217.00
T24,Low -,R4,1437.00,1544.00,1774.00
T24,Low -,R5,2143.00,3026.00,73.00
T24,Low -,R5,1903.00,2806.00,108.00
T24,Low -,R4,1508.00,2080.00,1163.00
T24,Low -,R4,1385.00,1718.00,2006.00
T24,Low -,R5,2136.00,2791.00,73.70
T24,Low -,R2,2081.00,2576.00,561.00
T24,Low -,R5,1447.00,2292.00,62.50
T24,Low -,R5,2015.00,2553.00,64.20
T24,Low -,R2,1299.00,1832.00,36.80
T24,Low -,R2,1874.00,2343.00,717.00
T24,Low -,R2,1718.00,1637.00,525.00
T24,Low -,R5,2081.00,2502.00,376.00
T24,Low -,R2,1571.00,1629.00,734.00
T24,Low -,R5,2429.00,3171.00,461.00
T24,Low -,R5,2243.00,3518.00,109.00
T24,Low -,R2,1770.00,1639.00,852.00
T24,Low -,R5,1547.00,2389.00,78.90
T24,Low -,R5,2093.00,3013.00,109.00
T24,Low -,R5,2500.00,3529.00,100.00
T24,Low -,R4,1809.00,2281.00,1655.00
T24,Low -,R5,1900.00,2470.00,58.90
T24,Low -,R5,1559.00,2429.00,76.40
T24,Low -,R5,1727.00,2081.00,51.30
T24,Low -,R5,1649.00,2180.00,51.70
T24,Low -,R2,1990.00,2423.00,718.00
T24,Low -,R5,2197.00,2798.00,68.80
T24,Low -,R5,1499.00,1802.00,48.40
T24,Low -,R5,1959.00,2248.00,70.60
T24,Low -,R5,1626.00,2117.00,72.70
T24,Low -,R4,2050.00,2482.00,999.00
T24,Low -,R5,2026.00,2737.00,70.20
T24,Low -,R5,2540.00,3381.00,441.00
T24,Low -,R4,1921.00,2585.00,1550.00
T24,Low -,R5,1644.00,2221.00,59.90
T24,Low -,R5,1858.00,2238.00,247.00
T24,Low -,R5,2078.00,2374.00,343.00
T24,Low -,R4,1791.00,2239.00,2528.00
T24,Low -,R5,2186.00,2717.00,72.80
T24,Low -,R2,1754.00,2406.00,651.00
T24,Low -,R2,1738.00,2006.00,700.00
T24,Low -,R5,2204.00,2944.00,68.50
T24,Low -,R5,1730.00,2333.00,84.20
T24,Low -,R3,1930.00,2145.00,47.30
T24,Low -,R5,1555.00,2341.00,76.20
T24,Low -,R5,1976.00,2287.00,65.80
T24,Low -,R5,2005.00,2547.00,68.60
T24,Low -,R5,1738.00,2404.00,75.10
T24,Low -,R5,2209.00,2701.00,98.50
T24,Low -,R5,1520.00,2009.00,429.00
T24,Low -,R3,1671.00,2103.00,37.40
T24,Low -,R5,1392.00,1978.00,43.80
T24,Low -,R4,1572.00,2040.00,973.00
T24,Low -,R4,1447.00,1669.00,1206.00
T24,Low -,R5,2167.00,2522.00,60.70
T24,Low -,R3,1803.00,1491.00,37.20
T24,Low -,R2,1973.00,2536.00,692.00
T24,Low -,R5,2231.00,2789.00,72.40
T24,Low -,R5,1351.00,1639.00,112.00
T24,Low -,R5,2096.00,2703.00,87.00
T24,Low -,R4,1567.00,2081.00,1303.00
T24,Low -,R5,1747.00,2525.00,59.50
T24,Low -,R5,2129.00,2850.00,211.00
T24,Low -,R4,1856.00,2367.00,1466.00
T24,Low -,R5,1963.00,2700.00,74.30
T24,Low -,R5,1936.00,2514.00,70.30
T24,Low -,R4,1556.00,1838.00,868.00
T24,Low -,R4,2564.00,2334.00,1829.00
T24,Low -,R5,1759.00,2227.00,121.00
T24,Low -,R5,1909.00,2404.00,68.90
T24,Low -,R5,2140.00,2215.00,94.00
T24,Low -,R5,1819.00,2033.00,493.00
T24,Low -,R5,2545.00,3617.00,106.00
T24,Low -,R3,1533.00,1965.00,40.00
T24,Low -,R5,1326.00,1921.00,62.20
T24,Low -,R5,1637.00,2295.00,61.50
T24,Low -,R5,2411.00,3468.00,100.00
T24,Low -,R5,2158.00,2370.00,60.90
T24,Low -,R4,2655.00,3323.00,4179.00
T24,Low -,R3,2088.00,2042.00,41.00
T24,Low -,R4,1603.00,2245.00,1853.00
T24,Low -,R5,2428.00,2629.00,67.10
T24,Low -,R4,1973.00,2339.00,1792.00
T24,Low -,R5,2365.00,2295.00,61.60
T24,Low -,R5,1876.00,2415.00,87.10
T24,Low -,R5,2125.00,2448.00,179.00
T48,Low -,R2,1920.00,2088.00,587.00
T48,Low -,R5,2420.00,3264.00,68.70
T48,Low -,R4,1728.00,1969.00,2999.00
T48,Low -,R5,2017.00,2802.00,76.50
T48,Low -,R5,1445.00,2145.00,92.00
T48,Low -,R5,1864.00,2166.00,55.40
T48,Low -,R5,1758.00,2018.00,49.80
T48,Low -,R2,2023.00,2481.00,519.00
T48,Low -,R5,2140.00,2815.00,74.90
T48,Low -,R5,1716.00,2117.00,60.20
T48,Low -,R5,1854.00,2502.00,96.60
T48,Low -,R5,2030.00,2891.00,70.40
T48,Low -,R4,1423.00,1751.00,2129.00
T48,Low -,R5,2361.00,3290.00,101.00
T48,Low -,R5,2072.00,2732.00,102.00
T48,Low -,R4,1906.00,1854.00,1369.00
T48,Low -,R5,2208.00,2875.00,105.00
T48,Low -,R5,2571.00,3079.00,89.40
T48,Low -,R4,1562.00,1725.00,2092.00
T48,Low -,R5,1977.00,2264.00,83.10
T48,Low -,R4,2172.00,2832.00,2186.00
T48,Low -,R5,2170.00,3018.00,81.10
T48,Low -,R4,2070.00,2508.00,2095.00
T48,Low -,R5,2177.00,3110.00,104.00
T48,Low -,R5,1587.00,2217.00,172.00
T48,Low -,R5,2261.00,2810.00,78.00
T48,Low -,R4,2573.00,3240.00,2817.00
T48,Low -,R5,1935.00,2477.00,84.90
T48,Low -,R4,1879.00,2624.00,1184.00
T48,Low -,R4,1620.00,2204.00,2871.00
T48,Low -,R4,2103.00,2294.00,1144.00
T48,Low -,R4,1945.00,2370.00,1672.00
T48,Low -,R5,1990.00,2458.00,71.60
T48,Low -,R4,1416.00,1938.00,1092.00
T48,Low -,R4,1523.00,1734.00,2803.00
T48,Low -,R4,1509.00,1864.00,1623.00
T48,Low -,R5,1448.00,2259.00,78.50
T48,Low -,R5,1859.00,2000.00,67.70
T48,Low -,R5,2290.00,3096.00,204.00
T48,Low -,R5,2024.00,2043.00,450.00
T48,Low -,R4,1447.00,1804.00,2417.00
T48,Low -,R4,1798.00,1734.00,1966.00
T48,Low -,R5,2029.00,2521.00,63.30
T48,Low -,R3,1461.00,1364.00,41.80
T48,Low -,R5,2008.00,2158.00,213.00
T48,Low -,R4,1626.00,1953.00,2968.00
T48,Low -,R4,1979.00,2275.00,3482.00
T48,Low -,R4,1887.00,2189.00,2636.00
T48,Low -,R5,2000.00,2525.00,119.00
T48,Low -,R5,2136.00,2685.00,63.70
T48,Low -,R5,2292.00,2830.00,99.20
T48,Low -,R5,2233.00,2330.00,64.20
T0,Low +,R5,2089.00,2599.00,505.00
T0,Low +,R5,1964.00,2700.00,357.00
T0,Low +,R5,1995.00,1926.00,410.00
T0,Low +,R5,2246.00,2218.00,461.00
T0,Low +,R5,2156.00,2986.00,476.00
T0,Low +,R5,2198.00,2636.00,215.00
T0,Low +,R5,1977.00,2661.00,472.00
T0,Low +,R5,1780.00,1893.00,433.00
T0,Low +,R5,1531.00,1300.00,413.00
T0,Low +,R5,2544.00,3284.00,320.00
T0,Low +,R5,2641.00,2312.00,85.10
T0,Low +,R5,2044.00,1491.00,320.00
T0,Low +,R5,2531.00,2283.00,59.00
T0,Low +,R5,2618.00,3362.00,394.00
T0,Low +,R5,1391.00,1536.00,318.00
T0,Low +,R5,2153.00,2315.00,505.00
T0,Low +,R5,2239.00,1401.00,138.00
T0,Low +,R5,1435.00,1525.00,263.00
T0,Low +,R5,1800.00,2026.00,204.00
T0,Low +,R5,1712.00,2078.00,77.70
T0,Low +,R5,2630.00,2517.00,341.00
T0,Low +,R5,2558.00,2726.00,251.00
T0,Low +,R5,2204.00,1696.00,464.00
T0,Low +,R5,1403.00,1943.00,65.30
T0,Low +,R5,1699.00,2028.00,83.40
T0,Low +,R5,2349.00,3205.00,225.00
T0,Low +,R5,2078.00,1792.00,441.00
T0,Low +,R5,2050.00,2545.00,339.00
T0,Low +,R5,2015.00,2112.00,511.00
T0,Low +,R5,1947.00,2339.00,327.00
T0,Low +,R5,1868.00,2348.00,358.00
T0,Low +,R5,1553.00,1956.00,275.00
T0,Low +,R5,2071.00,1981.00,282.00
T0,Low +,R5,2317.00,2575.00,70.30
T0,Low +,R5,2153.00,1859.00,255.00
T0,Low +,R5,2384.00,2950.00,361.00
T0,Low +,R5,2092.00,2546.00,196.00
T0,Low +,R5,1929.00,2317.00,256.00
T0,Low +,R5,2406.00,2254.00,88.30
T0,Low +,R5,2590.00,3378.00,356.00
T0,Low +,R5,2483.00,2675.00,178.00
T0,Low +,R5,2007.00,2591.00,333.00
T0,Low +,R5,1979.00,2195.00,509.00
T0,Low +,R5,2253.00,2821.00,268.00
T0,Low +,R5,1699.00,2130.00,298.00
T0,Low +,R5,2563.00,3070.00,293.00
T0,Low +,R5,2228.00,2461.00,294.00
T0,Low +,R5,1777.00,1829.00,57.30
T0,Low +,R5,1943.00,2403.00,130.00
T0,Low +,R5,1926.00,1733.00,203.00
T0,Low +,R5,1549.00,1770.00,74.50
T0,Low +,R5,1392.00,1420.00,43.10
T0,Low +,R5,1988.00,2478.00,454.00
T0,Low +,R5,2072.00,2195.00,500.00
T0,Low +,R5,2497.00,3056.00,590.00
T0,Low +,R5,2078.00,2324.00,341.00
T0,Low +,R5,1568.00,2054.00,254.00
T0,Low +,R5,2092.00,2225.00,332.00
T0,Low +,R5,1429.00,2053.00,431.00
T0,Low +,R5,2097.00,2374.00,525.00
T0,Low +,R5,2153.00,1995.00,59.60
T0,Low +,R5,2545.00,2418.00,282.00
T0,Low +,R5,1697.00,1900.00,211.00
T0,Low +,R5,2420.00,2058.00,120.00
T0,Low +,R5,2177.00,3178.00,384.00
T0,Low +,R5,2296.00,1856.00,406.00
T0,Low +,R5,1704.00,2371.00,275.00
T0,Low +,R5,2238.00,2272.00,143.00
T0,Low +,R5,2254.00,2462.00,76.90
T0,Low +,R5,2616.00,2091.00,469.00
T0,Low +,R5,1322.00,1725.00,412.00
T0,Low +,R5,2375.00,1642.00,400.00
T0,Low +,R5,1826.00,2358.00,364.00
T0,Low +,R5,1962.00,1509.00,489.00
T0,Low +,R5,2186.00,2362.00,303.00
T0,Low +,R5,2708.00,2204.00,413.00
T0,Low +,R5,2071.00,2810.00,411.00
T0,Low +,R5,2563.00,2375.00,336.00
T0,Low +,R5,1757.00,1041.00,78.30
T0,Low +,R5,1783.00,1875.00,123.00
T0,Low +,R5,2275.00,1879.00,398.00
T0,Low +,R5,2719.00,2055.00,260.00
T0,Low +,R5,1818.00,2326.00,487.00
T0,Low +,R5,1968.00,1780.00,503.00
T0,Low +,R5,2239.00,2053.00,417.00
T0,Low +,R5,2172.00,1234.00,269.00
T0,Low +,R5,2496.00,2629.00,143.00
T0,Low +,R5,1959.00,2328.00,324.00
T0,Low +,R5,1692.00,1897.00,338.00
T0,Low +,R5,1978.00,2271.00,479.00
T0,Low +,R5,2219.00,2480.00,323.00
T0,Low +,R5,1941.00,2586.00,85.10
T0,Low +,R5,2007.00,1911.00,180.00
T0,Low +,R5,1721.00,1853.00,221.00
T0,Low +,R5,1533.00,1493.00,352.00
T0,Low +,R5,2444.00,1706.00,101.00
T0,Low +,R5,1607.00,2152.00,60.40
T0,Low +,R5,2156.00,1568.00,279.00
T0,Low +,R5,2348.00,3153.00,436.00
T0,Low +,R5,2231.00,2079.00,404.00
T0,Low +,R5,2164.00,2575.00,473.00
T0,Low +,R5,1352.00,1760.00,220.00
T0,Low +,R5,2166.00,2025.00,55.00
T0,Low +,R5,2301.00,2967.00,422.00
T0,Low +,R5,2672.00,3221.00,603.00
T0,Low +,R5,2387.00,3077.00,283.00
T0,Low +,R5,1968.00,1942.00,215.00
T0,Low +,R5,1833.00,1633.00,244.00
T0,Low +,R5,2194.00,2435.00,512.00
T0,Low +,R5,1954.00,2215.00,218.00
T0,Low +,R5,2235.00,2707.00,474.00
T0,Low +,R5,2216.00,3028.00,223.00
T0,Low +,R5,1839.00,1870.00,302.00
T0,Low +,R5,2061.00,1901.00,443.00
T0,Low +,R5,2200.00,2201.00,193.00
T0,Low +,R5,1755.00,2523.00,190.00
T0,Low +,R5,2182.00,2760.00,197.00
T0,Low +,R5,1916.00,2077.00,382.00
T0,Low +,R5,2061.00,2020.00,92.10
T0,Low +,R5,2096.00,2365.00,54.90
T0,Low +,R5,2428.00,2574.00,87.70
T0,Low +,R5,1913.00,1662.00,458.00
T0,Low +,R5,2213.00,1558.00,130.00
T0,Low +,R5,2116.00,2387.00,294.00
T0,Low +,R5,1827.00,2859.00,420.00
T0,Low +,R5,2193.00,2495.00,226.00
T0,Low +,R5,1916.00,1564.00,311.00
T0,Low +,R5,2068.00,2194.00,308.00
T0,Low +,R5,1604.00,2338.00,83.30
T0,Low +,R5,1916.00,1739.00,175.00
T0,Low +,R5,1731.00,2161.00,326.00
T0,Low +,R5,1956.00,1932.00,502.00
T0,Low +,R5,1981.00,1874.00,485.00
T0,Low +,R5,2175.00,2930.00,70.10
T0,Low +,R5,2214.00,2873.00,224.00
T0,Low +,R5,2204.00,2708.00,461.00
T0,Low +,R5,2258.00,1832.00,466.00
T0,Low +,R5,2097.00,2173.00,184.00
T0,Low +,R5,1903.00,2083.00,243.00
T0,Low +,R5,1966.00,2216.00,283.00
T0,Low +,R5,1849.00,2875.00,450.00
T0,Low +,R5,1746.00,1995.00,227.00
T0,Low +,R5,1507.00,2197.00,367.00
T0,Low +,R5,1864.00,2227.00,343.00
T0,Low +,R5,2079.00,2861.00,419.00
T0,Low +,R5,2151.00,2423.00,124.00
T0,Low +,R5,2656.00,2890.00,160.00
T0,Low +,R5,1542.00,2033.00,279.00
T0,Low +,R5,2345.00,1559.00,61.00
T0,Low +,R5,1892.00,1684.00,59.70
T0,Low +,R5,2034.00,1832.00,141.00
T0,Low +,R5,1492.00,1789.00,63.70
T0,Low +,R5,2149.00,2098.00,225.00
T0,Low +,R5,2137.00,1894.00,379.00
T0,Low +,R5,1855.00,1475.00,416.00
T0,Low +,R5,2103.00,2037.00,241.00
T0,Low +,R5,1798.00,2035.00,81.90
T0,Low +,R5,1885.00,2123.00,393.00
T0,Low +,R5,1595.00,1940.00,122.00
T0,Low +,R5,1998.00,1567.00,302.00
T0,Low +,R5,2267.00,3001.00,475.00
T0,Low +,R5,2511.00,2253.00,439.00
T0,Low +,R5,1889.00,1831.00,61.20
T0,Low +,R5,1964.00,1815.00,177.00
T0,Low +,R5,2346.00,2530.00,260.00
T0,Low +,R5,1779.00,2228.00,325.00
T0,Low +,R5,1782.00,1925.00,393.00
T0,Low +,R5,2765.00,3500.00,159.00
T0,Low +,R5,2342.00,1896.00,56.10
T0,Low +,R5,2129.00,2967.00,371.00
T0,Low +,R5,2541.00,2835.00,238.00
T0,Low +,R5,2228.00,2076.00,364.00
T0,Low +,R5,1551.00,1976.00,60.80
T0,Low +,R5,1540.00,2015.00,222.00
T0,Low +,R5,2097.00,1764.00,316.00
T0,Low +,R5,2598.00,2629.00,494.00
T0,Low +,R5,1906.00,2393.00,342.00
T0,Low +,R5,2112.00,2245.00,444.00
T0,Low +,R5,2103.00,2908.00,350.00
T0,Low +,R5,1859.00,1949.00,58.30
T0,Low +,R5,2693.00,2237.00,301.00
T0,Low +,R5,2077.00,2091.00,68.30
T0,Low +,R5,2256.00,1877.00,412.00
T0,Low +,R5,1970.00,2209.00,187.00
T0,Low +,R5,1990.00,2561.00,422.00
T0,Low +,R5,2303.00,2571.00,308.00
T0,Low +,R5,1935.00,1641.00,391.00
T0,Low +,R5,2348.00,2353.00,57.40
T0,Low +,R5,2378.00,1844.00,200.00
T0,Low +,R5,2172.00,1877.00,57.10
T0,Low +,R5,1681.00,1377.00,73.50
T0,Low +,R5,1820.00,1233.00,495.00
T0,Low +,R5,2284.00,2493.00,487.00
T0,Low +,R5,1625.00,2206.00,216.00
T0,Low +,R5,1695.00,1949.00,48.80
T0,Low +,R5,1359.00,2219.00,305.00
T0,Low +,R5,2007.00,1958.00,398.00
T0,Low +,R5,1729.00,2596.00,380.00
T0,Low +,R5,2230.00,2154.00,200.00
T0,Low +,R5,1996.00,2218.00,68.90
T0,Low +,R5,2134.00,2368.00,314.00
T0,Low +,R5,1868.00,2755.00,62.20
T0,Low +,R5,2326.00,2506.00,115.00
T0,Low +,R5,2401.00,2866.00,501.00
T0,Low +,R5,2058.00,2393.00,71.60
T0,Low +,R5,2227.00,3045.00,424.00
T0,Low +,R5,2172.00,2491.00,249.00
T0,Low +,R5,1881.00,1897.00,253.00
T0,Low +,R5,2224.00,1818.00,67.00
T0,Low +,R5,1709.00,1879.00,56.20
T0,Low +,R5,2247.00,2164.00,307.00
T0,Low +,R5,2029.00,2354.00,470.00
T0,Low +,R5,1791.00,1819.00,325.00
T0,Low +,R5,1923.00,1737.00,212.00
T0,Low +,R5,1587.00,2171.00,407.00
T0,Low +,R5,2062.00,2380.00,406.00
T0,Low +,R5,1370.00,1628.00,257.00
T0,Low +,R5,1925.00,1302.00,212.00
T0,Low +,R5,1871.00,2596.00,212.00
T0,Low +,R5,2515.00,2729.00,251.00
T0,Low +,R5,1736.00,2771.00,227.00
T0,Low +,R5,1658.00,1815.00,82.80
T0,Low +,R5,2636.00,2678.00,471.00
T0,Low +,R5,1662.00,2196.00,385.00
T0,Low +,R5,2493.00,3379.00,370.00
T0,Low +,R5,2687.00,2046.00,348.00
T0,Low +,R5,1425.00,1760.00,47.20
T0,Low +,R5,2242.00,2478.00,140.00
T0,Low +,R5,2017.00,1713.00,482.00
T0,Low +,R5,2033.00,2446.00,73.20
T0,Low +,R5,2019.00,1813.00,70.70
T0,Low +,R5,2585.00,2927.00,106.00
T0,Low +,R5,1768.00,1799.00,178.00
T0,Low +,R5,2523.00,2593.00,289.00
T0,Low +,R5,1878.00,2631.00,321.00
T0,Low +,R5,1824.00,1920.00,165.00
T0,Low +,R5,2466.00,1914.00,102.00
T0,Low +,R5,2267.00,2766.00,258.00
T0,Low +,R5,1331.00,2049.00,296.00
T0,Low +,R5,2262.00,1541.00,145.00
T0,Low +,R5,2150.00,1949.00,429.00
T0,Low +,R5,1515.00,1959.00,282.00
T0,Low +,R5,2219.00,1982.00,358.00
T0,Low +,R5,1415.00,1802.00,429.00
T0,Low +,R5,1739.00,1936.00,441.00
T0,Low +,R5,1702.00,1832.00,302.00
T0,Low +,R5,2102.00,2452.00,308.00
T0,Low +,R5,2304.00,2128.00,118.00
T0,Low +,R5,1791.00,2140.00,213.00
T0,Low +,R5,2429.00,2448.00,275.00
T0,Low +,R5,2071.00,1796.00,458.00
T0,Low +,R5,1773.00,2180.00,339.00
T0,Low +,R5,1936.00,1576.00,106.00
T0,Low +,R5,2594.00,2344.00,328.00
T0,Low +,R5,2078.00,2939.00,158.00
T0,Low +,R5,2686.00,3015.00,70.40
T0,Low +,R5,2879.00,2144.00,518.00
T0,Low +,R5,1729.00,2409.00,77.10
T0,Low +,R5,2677.00,3398.00,241.00
T0,Low +,R5,2282.00,2085.00,185.00
T0,Low +,R5,1544.00,2278.00,59.60
T0,Low +,R5,1793.00,1857.00,255.00
T0,Low +,R5,2040.00,2840.00,115.00
T0,Low +,R5,1696.00,2224.00,250.00
T0,Low +,R5,1501.00,1365.00,321.00
T0,Low +,R5,1390.00,1865.00,167.00
T0,Low +,R5,2640.00,3387.00,167.00
T0,Low +,R5,1823.00,1959.00,74.40
T0,Low +,R5,2446.00,2599.00,440.00
T0,Low +,R5,1893.00,2152.00,309.00
T0,Low +,R5,2013.00,1912.00,88.70
T0,Low +,R5,2753.00,2285.00,386.00
T0,Low +,R5,2031.00,1898.00,503.00
T0,Low +,R5,2089.00,2803.00,276.00
T0,Low +,R5,1479.00,1575.00,49.90
T0,Low +,R5,1785.00,1687.00,366.00
T0,Low +,R5,2131.00,1723.00,121.00
T0,Low +,R5,1929.00,2210.00,256.00
T0,Low +,R5,1793.00,1491.00,309.00
T0,Low +,R5,1975.00,2415.00,317.00
T0,Low +,R5,2129.00,3033.00,209.00
T0,Low +,R5,1616.00,2072.00,112.00
T0,Low +,R5,1406.00,1946.00,119.00
T0,Low +,R5,2188.00,2674.00,113.00
T0,Low +,R5,2250.00,2745.00,128.00
T0,Low +,R5,2772.00,2698.00,219.00
T0,Low +,R5,1555.00,2002.00,439.00
T0,Low +,R5,2615.00,1805.00,149.00
T0,Low +,R5,2260.00,2339.00,320.00
T0,Low +,R5,2272.00,1835.00,344.00
T0,Low +,R5,1854.00,1580.00,310.00
T0,Low +,R5,2117.00,2074.00,80.20
T0,Low +,R5,2100.00,2433.00,56.70
T0,Low +,R5,2822.00,2865.00,441.00
T0,Low +,R5,1927.00,2194.00,52.70
T0,Low +,R5,2465.00,1989.00,132.00
T0,Low +,R5,1851.00,2526.00,108.00
T0,Low +,R5,2127.00,2254.00,442.00
T0,Low +,R5,2299.00,2723.00,266.00
T0,Low +,R5,1903.00,1825.00,465.00
T0,Low +,R5,2211.00,1942.00,479.00
T0,Low +,R5,2077.00,1936.00,234.00
T0,Low +,R5,1744.00,1960.00,287.00
T0,Low +,R5,2072.00,3028.00,94.40
T0,Low +,R5,2495.00,2128.00,114.00
T0,Low +,R5,2323.00,2551.00,541.00
T0,Low +,R5,1549.00,1188.00,448.00
T0,Low +,R5,2044.00,2628.00,67.60
T0,Low +,R5,2513.00,2535.00,447.00
T0,Low +,R5,1675.00,1739.00,384.00
T0,Low +,R5,1418.00,2056.00,235.00
T0,Low +,R5,2300.00,2483.00,423.00
T0,Low +,R5,1896.00,1996.00,78.10
T0,Low +,R5,2044.00,1543.00,188.00
T0,Low +,R5,1501.00,1694.00,288.00
T0,Low +,R5,2089.00,2435.00,71.80
T0,Low +,R5,2161.00,2186.00,330.00
T0,Low +,R5,2206.00,1711.00,361.00
T0,Low +,R5,1678.00,1633.00,210.00
T0,Low +,R5,2135.00,2233.00,75.30
T0,Low +,R5,2529.00,2664.00,592.00
T0,Low +,R5,1559.00,2238.00,66.50
T0,Low +,R5,2076.00,1461.00,98.40
T0,Low +,R5,2056.00,2222.00,211.00
T0,Low +,R5,2133.00,2302.00,112.00
T0,Low +,R5,2125.00,2440.00,292.00
T0,Low +,R5,1579.00,1816.00,54.00
T0,Low +,R5,2285.00,1424.00,326.00
T0,Low +,R5,2047.00,2503.00,386.00
T0,Low +,R5,2022.00,2225.00,61.60
T0,Low +,R5,2123.00,1951.00,259.00
T0,Low +,R5,2384.00,2057.00,261.00
T0,Low +,R5,1843.00,2141.00,464.00
T0,Low +,R5,2001.00,1776.00,209.00
T0,Low +,R5,1999.00,1954.00,56.20
T0,Low +,R5,2362.00,2216.00,287.00
T0,Low +,R5,1888.00,1766.00,217.00
T0,Low +,R5,1803.00,1859.00,92.00
T0,Low +,R5,1469.00,1986.00,169.00
T0,Low +,R5,1654.00,2031.00,230.00
T0,Low +,R5,2479.00,2199.00,398.00
T0,Low +,R5,1706.00,1841.00,195.00
T0,Low +,R5,2039.00,1710.00,330.00
T0,Low +,R5,1613.00,2287.00,343.00
T0,Low +,R5,2646.00,1656.00,236.00
T0,Low +,R5,1846.00,2510.00,420.00
T0,Low +,R5,2523.00,1857.00,101.00
T0,Low +,R5,1475.00,937.00,381.00
T24,Low +,R4,2247.00,2420.00,1020.00
T24,Low +,R5,1995.00,2381.00,338.00
T24,Low +,R5,2075.00,2464.00,141.00
T24,Low +,R4,1378.00,1655.00,1208.00
T24,Low +,R2,1468.00,2242.00,460.00
T24,Low +,R4,1502.00,1994.00,1535.00
T24,Low +,R5,2008.00,2454.00,305.00
T24,Low +,R2,1987.00,2534.00,822.00
T24,Low +,R5,1965.00,2840.00,347.00
T24,Low +,R4,2434.00,2988.00,1188.00
T24,Low +,R5,1680.00,2210.00,230.00
T24,Low +,R4,1677.00,2175.00,2529.00
T24,Low +,R5,2352.00,3277.00,149.00
T24,Low +,R4,1795.00,2444.00,1306.00
T24,Low +,R4,2120.00,2565.00,2766.00
T24,Low +,R4,1402.00,1946.00,915.00
T24,Low +,R5,2014.00,2451.00,153.00
T24,Low +,R2,1539.00,2239.00,461.00
T24,Low +,R4,1877.00,2029.00,1088.00
T24,Low +,R5,2160.00,2912.00,464.00
T24,Low +,R4,2192.00,2800.00,3444.00
T24,Low +,R4,1302.00,1762.00,828.00
T24,Low +,R5,2375.00,3323.00,309.00
T24,Low +,R5,2055.00,2814.00,290.00
T24,Low +,R5,1588.00,1860.00,129.00
T24,Low +,R4,2076.00,2339.00,1359.00
T24,Low +,R4,1810.00,1702.00,2130.00
T24,Low +,R4,1633.00,2378.00,1885.00
T24,Low +,R4,1631.00,2345.00,1484.00
T24,Low +,R4,1900.00,2204.00,1279.00
T24,Low +,R2,2227.00,2947.00,608.00
T24,Low +,R5,1478.00,1670.00,151.00
T24,Low +,R4,1910.00,2504.00,2691.00
T24,Low +,R4,1813.00,2352.00,915.00
T24,Low +,R5,1923.00,2457.00,474.00
T24,Low +,R5,2193.00,2020.00,133.00
T24,Low +,R5,1693.00,1923.00,455.00
T24,Low +,R5,2126.00,2465.00,239.00
T24,Low +,R2,2077.00,2362.00,716.00
T24,Low +,R4,1554.00,2213.00,1987.00
T24,Low +,R4,2164.00,2912.00,1418.00
T24,Low +,R5,1916.00,2530.00,60.90
T24,Low +,R5,1709.00,2449.00,109.00
T24,Low +,R5,1877.00,2712.00,411.00
T24,Low +,R4,1836.00,2079.00,1419.00
T24,Low +,R5,2137.00,2553.00,221.00
T24,Low +,R4,1957.00,2311.00,988.00
T24,Low +,R4,2046.00,2607.00,2217.00
T24,Low +,R4,1625.00,2092.00,888.00
T24,Low +,R4,2044.00,2739.00,3515.00
T24,Low +,R5,1699.00,2215.00,281.00
T24,Low +,R4,1903.00,1970.00,1211.00
T24,Low +,R5,1879.00,2168.00,425.00
T24,Low +,R2,2036.00,2844.00,775.00
T24,Low +,R5,2048.00,2387.00,478.00
T24,Low +,R4,2153.00,2791.00,1874.00
T24,Low +,R5,1906.00,2099.00,117.00
T24,Low +,R5,1884.00,2687.00,165.00
T24,Low +,R4,1835.00,2538.00,1967.00
T24,Low +,R4,1796.00,2268.00,2171.00
T24,Low +,R5,2333.00,2288.00,108.00
T24,Low +,R5,2061.00,2980.00,361.00
T24,Low +,R2,1697.00,2344.00,560.00
T24,Low +,R5,1942.00,2387.00,123.00
T24,Low +,R2,1898.00,2131.00,538.00
T24,Low +,R5,2038.00,2483.00,440.00
T24,Low +,R5,1976.00,2416.00,108.00
T24,Low +,R5,2286.00,2504.00,277.00
T24,Low +,R2,1672.00,1624.00,857.00
T24,Low +,R4,1780.00,2599.00,1158.00
T24,Low +,R5,2080.00,2413.00,203.00
T24,Low +,R5,1362.00,1704.00,183.00
T24,Low +,R2,1939.00,2174.00,685.00
T24,Low +,R2,2158.00,3252.00,713.00
T24,Low +,R5,1907.00,2437.00,60.30
T24,Low +,R5,1763.00,2050.00,242.00
T24,Low +,R4,2158.00,2776.00,1097.00
T24,Low +,R2,2247.00,2812.00,753.00
T24,Low +,R4,2099.00,2906.00,1374.00
T24,Low +,R5,1942.00,2251.00,61.30
T24,Low +,R5,1596.00,2346.00,215.00
T24,Low +,R5,2399.00,2998.00,204.00
T24,Low +,R5,1599.00,1867.00,446.00
T24,Low +,R5,1774.00,2290.00,100.00
T24,Low +,R4,1853.00,2256.00,2945.00
T24,Low +,R4,1626.00,2142.00,1150.00
T24,Low +,R5,1814.00,2319.00,96.30
T24,Low +,R5,1496.00,2160.00,336.00
T24,Low +,R5,2147.00,1949.00,507.00
T24,Low +,R5,2058.00,2368.00,245.00
T24,Low +,R3,1357.00,1822.00,34.30
T24,Low +,R5,1464.00,1815.00,191.00
T24,Low +,R5,2624.00,2714.00,485.00
T24,Low +,R5,2341.00,3082.00,256.00
T24,Low +,R5,2323.00,2506.00,153.00
T24,Low +,R5,2118.00,2152.00,255.00
T24,Low +,R5,2246.00,3009.00,149.00
T24,Low +,R4,2244.00,2759.00,1139.00
T24,Low +,R5,2172.00,2121.00,59.80
T24,Low +,R2,2712.00,2852.00,1092.00
T24,Low +,R4,1728.00,2247.00,954.00
T24,Low +,R4,2782.00,3408.00,1165.00
T24,Low +,R5,2265.00,2615.00,164.00
T24,Low +,R5,1778.00,2135.00,129.00
T24,Low +,R5,1887.00,1969.00,321.00
T24,Low +,R5,2059.00,2631.00,151.00
T24,Low +,R5,1862.00,2460.00,187.00
T24,Low +,R5,1909.00,2039.00,77.60
T24,Low +,R5,2031.00,2635.00,166.00
T24,Low +,R5,1872.00,2372.00,194.00
T48,Low +,R4,2014.00,2353.00,3155.00
T48,Low +,R2,2022.00,2452.00,568.00
T48,Low +,R5,1813.00,2542.00,68.70
T48,Low +,R5,1783.00,2541.00,360.00
T48,Low +,R4,1542.00,1964.00,1655.00
T48,Low +,R5,1565.00,2491.00,303.00
T48,Low +,R5,1295.00,1959.00,174.00
T48,Low +,R5,1838.00,1819.00,276.00
T48,Low +,R4,2081.00,2531.00,2304.00
T48,Low +,R4,2284.00,3674.00,4038.00
T48,Low +,R4,1455.00,2135.00,2675.00
T48,Low +,R4,1828.00,1950.00,3150.00
T48,Low +,R5,1838.00,2358.00,286.00
T48,Low +,R4,1410.00,2063.00,2283.00
T48,Low +,R4,1658.00,2138.00,2493.00
T48,Low +,R4,2698.00,3662.00,4685.00
T48,Low +,R4,2000.00,2314.00,1034.00
T48,Low +,R5,1689.00,2253.00,169.00
T48,Low +,R4,2532.00,3351.00,1263.00
T48,Low +,R5,1870.00,2439.00,274.00
T48,Low +,R5,2137.00,3032.00,444.00
T48,Low +,R5,2148.00,2687.00,305.00
T48,Low +,R2,1276.00,2056.00,2467.00
T48,Low +,R2,1933.00,2165.00,496.00
T48,Low +,R2,1713.00,2412.00,608.00
T48,Low +,R5,1766.00,2329.00,47.70
T48,Low +,R2,1957.00,2673.00,540.00
T48,Low +,R4,2529.00,3514.00,4245.00
T48,Low +,R4,1793.00,1921.00,2807.00
T48,Low +,R2,1694.00,2540.00,645.00
T48,Low +,R4,1907.00,2881.00,3410.00
T48,Low +,R4,1872.00,2343.00,2946.00
T48,Low +,R4,1329.00,1549.00,1761.00
T48,Low +,R5,2139.00,2165.00,194.00
T48,Low +,R5,2263.00,2907.00,365.00
T48,Low +,R5,2154.00,2416.00,343.00
T48,Low +,R5,1908.00,2027.00,181.00
T48,Low +,R4,1620.00,1881.00,2821.00
T48,Low +,R4,2298.00,2448.00,1843.00
T48,Low +,R4,1976.00,2726.00,3541.00
T48,Low +,R5,1892.00,2349.00,323.00
T48,Low +,R4,1984.00,2464.00,3210.00
T48,Low +,R5,1710.00,2214.00,195.00
T48,Low +,R4,1912.00,2634.00,3449.00
T48,Low +,R4,2190.00,2470.00,3209.00
T48,Low +,R5,2270.00,2505.00,534.00
T48,Low +,R4,1554.00,2232.00,2937.00
T48,Low +,R5,2226.00,2519.00,299.00
T48,Low +,R5,1652.00,2266.00,215.00
T48,Low +,R4,1895.00,2240.00,1393.00
T48,Low +,R5,1492.00,1877.00,237.00
T48,Low +,R4,1689.00,2371.00,2582.00
T48,Low +,R2,1701.00,2483.00,506.00
T48,Low +,R4,1639.00,2156.00,1803.00
T48,Low +,R5,2170.00,1801.00,197.00
